{
    "xml": "<marc:record xmlns:marc=\"http://www.loc.gov/MARC21/slim\">\n    <marc:leader>01033nx  h2200253   4500</marc:leader>\n    <marc:controlfield tag=\"001\">UMLRM0111</marc:controlfield>\n    <marc:controlfield tag=\"005\">20220920######D</marc:controlfield>\n    <marc:datafield tag=\"100\" ind1=\" \" ind2=\" \">\n      <marc:subfield code=\"a\">20220920afrey50      ba0</marc:subfield>\n    </marc:datafield>\n    <marc:datafield tag=\"101\" ind1=\"0\" ind2=\" \">\n      <marc:subfield code=\"a\">eng</marc:subfield>\n    </marc:datafield>\n    <marc:datafield tag=\"102\" ind1=\" \" ind2=\" \">\n      <marc:subfield code=\"a\">GB</marc:subfield>\n    </marc:datafield>\n    <marc:datafield tag=\"104\" ind1=\" \" ind2=\" \">\n      <marc:subfield code=\"a\">d2009</marc:subfield>\n    </marc:datafield>\n    <marc:datafield tag=\"125\" ind1=\"0\" ind2=\"0\">\n      <marc:subfield code=\"a\">m</marc:subfield>\n    </marc:datafield>\n    <marc:datafield tag=\"140\" ind1=\" \" ind2=\" \">\n      <marc:subfield code=\"a\">te</marc:subfield>\n      <marc:subfield code=\"b\">etdoc</marc:subfield>\n      <marc:subfield code=\"2\">BnF-FonctTexMix</marc:subfield>\n    </marc:datafield>\n    <marc:datafield tag=\"145\" ind1=\"0\" ind2=\" \">\n      <marc:subfield code=\"a\">i</marc:subfield>\n    </marc:datafield>\n    <marc:datafield tag=\"152\" ind1=\" \" ind2=\" \">\n      <marc:subfield code=\"a\">RDA-FR</marc:subfield>\n    </marc:datafield>\n    <marc:datafield tag=\"154\" ind1=\" \" ind2=\" \">\n      <marc:subfield code=\"a\">xa</marc:subfield>\n    </marc:datafield>\n    <marc:datafield tag=\"241\" ind1=\" \" ind2=\"1\">\n      <marc:subfield code=\"3\">13616241</marc:subfield>\n      <marc:subfield code=\"o\">ISNI 0000 0001 1059 1869</marc:subfield>\n      <marc:subfield code=\"a\">Hughes, William (1964-....)</marc:subfield>\n      <marc:subfield code=\"t\">Bram Stoker&#8217;s Dracula : a reader&#8217;s guide</marc:subfield>\n      <marc:subfield code=\"7\">ba0yba0y</marc:subfield>\n      <marc:subfield code=\"8\">freeng</marc:subfield>\n    </marc:datafield>\n    <marc:datafield tag=\"370\" ind1=\" \" ind2=\" \">\n      <marc:subfield code=\"a\">Bibliographie (5 pages)</marc:subfield>\n      <marc:subfield code=\"a\">Index</marc:subfield>\n    </marc:datafield>\n    <marc:datafield tag=\"501\" ind1=\" \" ind2=\"1\">\n      <marc:subfield code=\"3\">13616241</marc:subfield>\n      <marc:subfield code=\"7\">ba0yba0y</marc:subfield>\n      <marc:subfield code=\"8\">freeng</marc:subfield>\n      <marc:subfield code=\"o\">ISNI 0000 0001 1059 1869</marc:subfield>\n      <marc:subfield code=\"a\">Hughes</marc:subfield>\n      <marc:subfield code=\"b\">William</marc:subfield>\n      <marc:subfield code=\"f\">1964-&#8230;.</marc:subfield>\n      <marc:subfield code=\"4\">070</marc:subfield>\n    </marc:datafield>\n    <marc:datafield tag=\"541\" ind1=\" \" ind2=\"1\">\n      <marc:subfield code=\"5\">xxr</marc:subfield>\n      <marc:subfield code=\"p\">Est une &#233;tude de [&#339;uvre]</marc:subfield>\n      <marc:subfield code=\"3\">UMLRM0004</marc:subfield>\n      <marc:subfield code=\"7\">ba0yba0y</marc:subfield>\n      <marc:subfield code=\"8\">freeng</marc:subfield>\n      <marc:subfield code=\"a\">Stoker, Bram (1847-1912)</marc:subfield>\n      <marc:subfield code=\"t\">Dracula</marc:subfield>\n    </marc:datafield>\n    <marc:datafield tag=\"640\" ind1=\"6\" ind2=\" \">\n      <marc:subfield code=\"0\">Date de premi&#232;re publication</marc:subfield>\n      <marc:subfield code=\"f\">#2009#####</marc:subfield>\n    </marc:datafield>\n    <marc:datafield tag=\"676\" ind1=\" \" ind2=\" \">\n      <marc:subfield code=\"a\">823</marc:subfield>\n      <marc:subfield code=\"v\">23</marc:subfield>\n    </marc:datafield>\n    <marc:datafield tag=\"801\" ind1=\" \" ind2=\"0\">\n      <marc:subfield code=\"a\">FR</marc:subfield>\n      <marc:subfield code=\"b\">FR-751045101</marc:subfield>\n      <marc:subfield code=\"c\">20220920</marc:subfield>\n    </marc:datafield>\n    <marc:datafield tag=\"810\" ind1=\" \" ind2=\" \">\n      <marc:subfield code=\"a\">Bram Stoker's Dracula : a reader's guide / William Hughes. &#8211; London ; New York : Continuum, cop. 2009. &#8211; [Texte not&#233; : sans m&#233;diation]. &#8211; ISBN 9780826495365</marc:subfield>\n    </marc:datafield>\n  </marc:record>\n  ",
    "init_type": "oe",
    "id": "UMLRM0111",
    "txt": "\n000    01033nx  h2200253   4500\n001    UMLRM0111\n005    20220920######D\n100    $a 20220920afrey50      ba0\n101 0  $a eng\n102    $a GB\n104    $a d2009\n125 00 $a m\n140    $a te $b etdoc $2 BnF-FonctTexMix\n145 0  $a i\n152    $a RDA-FR\n154    $a xa\n241  1 $3 13616241 $o ISNI 0000 0001 1059 1869 $a Hughes, William (1964-....) $t Bram Stoker\u2019s Dracula : a reader\u2019s guide $7 ba0yba0y $8 freeng\n370    $a Bibliographie (5 pages) $a Index\n501  1 $3 13616241 $7 ba0yba0y $8 freeng $o ISNI 0000 0001 1059 1869 $a Hughes $b William $f 1964-\u2026. $4 070\n541  1 $5 xxr $p Est une \u00e9tude de [\u0153uvre] $3 UMLRM0004 $7 ba0yba0y $8 freeng $a Stoker, Bram (1847-1912) $t Dracula\n640 6  $0 Date de premi\u00e8re publication $f #2009#####\n676    $a 823 $v 23\n801  0 $a FR $b FR-751045101 $c 20220920\n810    $a Bram Stoker's Dracula : a reader's guide / William Hughes. \u2013 London ; New York : Continuum, cop. 2009. \u2013 [Texte not\u00e9 : sans m\u00e9diation]. \u2013 ISBN 9780826495365",
    "self_index": [
        "bibliographie pages $?index",
        "bibliographie pages $?index"
    ],
    "linked_entities_index": [
        "bram stoker's dracula reader's guide william hughes",
        "london$?new york continuum copyright 2009",
        "continuum reader's guide",
        "bram stoker's dracula reader's guide william hughes",
        "london$?new york continuum copyright 2009",
        "continuum reader's guide",
        "hughes william 1964 bram stoker's dracula reader's guide",
        "bram stoker's dracula reader's guide willam hughes london new york continuum cop 2009 texte note sans mediation isbn 9780826495365",
        "hughes william 1964 bram stoker's dracula reader's guide",
        "bram stoker's dracula reader's guide willam hughes london new york continuum cop 2009 texte note sans mediation isbn 9780826495365"
    ],
    "resp_index": [
        "hughes william",
        "hughes william"
    ],
    "linked_resp_index": [],
    "global_index": "bram stoker's dracula reader's guide william hughes bibliographie pages $?index hughes william 1964 bram stoker's dracula reader's guide continuum reader's guide london$?new york continuum copyright 2009 bram stoker's dracula reader's guide willam hughes london new york continuum cop 2009 texte note sans mediation isbn 9780826495365 hughes william",
    "type": "o",
    "label": "Hughes, William (1964-....), Bram Stoker\u2019s Dracula : a reader\u2019s guide",
    "label_html": "Hughes, William (1964-....), Bram Stoker\u2019s Dracula : a reader\u2019s guide",
    "splitted_label": "Hughes, William\n(1964-....), Bram\nStoker\u2019s Dracula : a\nreader\u2019s guide",
    "stats_zones": {
        "001": 1,
        "005": 1,
        "100": 1,
        "101": 1,
        "102": 1,
        "104": 1,
        "125": 1,
        "140": 1,
        "145": 1,
        "152": 1,
        "154": 1,
        "241": 1,
        "370": 1,
        "501": 1,
        "541": 1,
        "640": 1,
        "676": 1,
        "801": 1,
        "810": 1
    },
    "resp": {
        "Hughes, William": [
            "Auteur"
        ]
    },
    "respIds": [
        "13616241"
    ],
    "toOeuvres": {},
    "toExpressions": {
        "UMLRM0112": "Hughes, William (1964-....), Bram Stoker\u2019s Dracula : a reader\u2019s guide, Anglais, Texte not\u00e9"
    },
    "toManifs": {
        "UMLRM0113": " Bram Stoker\u2019s Dracula, William Hughes, Continuum, copyright 2009, 1 volume (VII-150 pages)"
    },
    "manifsYears": [
        2009
    ],
    "toItems": {
        "UMLRM1036": "BM_CELESTEVILLE > ADULTES > COTE_UMLRM1036"
    },
    "other_expressions": {},
    "repr": "id : UMLRM0111\ntype initial : oe ; type : o\nlabel : Hughes, William (1964-....), Bram Stoker\u2019s Dracula : a reader\u2019s guide\n\nNotice : \n000    01033nx  h2200253   4500\n001    UMLRM0111\n005    20220920######D\n100    $a 20220920afrey50      ba0\n101 0  $a eng\n102    $a GB\n104    $a d2009\n125 00 $a m\n140    $a te $b etdoc $2 BnF-FonctTexMix\n145 0  $a i\n152    $a RDA-FR\n154    $a xa\n241  1 $3 13616241 $o ISNI 0000 0001 1059 1869 $a Hughes, William (1964-....) $t Bram Stoker\u2019s Dracula : a reader\u2019s guide $7 ba0yba0y $8 freeng\n370    $a Bibliographie (5 pages) $a Index\n501  1 $3 13616241 $7 ba0yba0y $8 freeng $o ISNI 0000 0001 1059 1869 $a Hughes $b William $f 1964-\u2026. $4 070\n541  1 $5 xxr $p Est une \u00e9tude de [\u0153uvre] $3 UMLRM0004 $7 ba0yba0y $8 freeng $a Stoker, Bram (1847-1912) $t Dracula\n640 6  $0 Date de premi\u00e8re publication $f #2009#####\n676    $a 823 $v 23\n801  0 $a FR $b FR-751045101 $c 20220920\n810    $a Bram Stoker's Dracula : a reader's guide / William Hughes. \u2013 London ; New York : Continuum, cop. 2009. \u2013 [Texte not\u00e9 : sans m\u00e9diation]. \u2013 ISBN 9780826495365 \n\nXML : <Element {http://www.loc.gov/MARC21/slim}record at 0x257c06e5400>\nIndexation : bibliographie pages $?index hughes william",
    "subjects": {},
    "genreforme": {},
    "detailed": "Description : Bibliographie (5 pages). Index\n\n\nDate de premi\u00e8re publication : 2009",
    "rebonds": "<span class='rebond'><a href='full_results_UMLRM0004.html'>Est une \u00e9tude de [\u0153uvre] Stoker, Bram (1847-1912) Dracula</a></span>",
    "rebondids": [
        "UMLRM0004"
    ],
    "exprResp": [],
    "lang": [
        "eng"
    ],
    "exprContentType": [
        "Texte not\u00e9"
    ]
}