{
    "xml": "<marc:record xmlns:marc=\"http://www.loc.gov/MARC21/slim\">\n    <marc:leader>00748cx  h2200217   4500</marc:leader>\n    <marc:controlfield tag=\"001\">UMLRM0071</marc:controlfield>\n    <marc:controlfield tag=\"005\">20220808######.D</marc:controlfield>\n    <marc:datafield tag=\"100\" ind1=\" \" ind2=\" \">\n      <marc:subfield code=\"a\">20220808afrey50      ba0</marc:subfield>\n    </marc:datafield>\n    <marc:datafield tag=\"101\" ind1=\"0\" ind2=\" \">\n      <marc:subfield code=\"a\">eng</marc:subfield>\n    </marc:datafield>\n    <marc:datafield tag=\"102\" ind1=\" \" ind2=\" \">\n      <marc:subfield code=\"a\">GB</marc:subfield>\n    </marc:datafield>\n    <marc:datafield tag=\"104\" ind1=\" \" ind2=\" \">\n      <marc:subfield code=\"a\">d1996</marc:subfield>\n    </marc:datafield>\n    <marc:datafield tag=\"105\" ind1=\" \" ind2=\" \">\n      <marc:subfield code=\"a\">ba</marc:subfield>\n    </marc:datafield>\n    <marc:datafield tag=\"145\" ind1=\"0\" ind2=\" \">\n      <marc:subfield code=\"a\">i</marc:subfield>\n      <marc:subfield code=\"b\">axxe</marc:subfield>\n    </marc:datafield>\n    <marc:datafield tag=\"145\" ind1=\"0\" ind2=\" \">\n      <marc:subfield code=\"a\">b1</marc:subfield>\n      <marc:subfield code=\"b\">xb2e</marc:subfield>\n    </marc:datafield>\n    <marc:datafield tag=\"147\" ind1=\"0\" ind2=\" \">\n      <marc:subfield code=\"a\">a</marc:subfield>\n    </marc:datafield>\n    <marc:datafield tag=\"152\" ind1=\" \" ind2=\" \">\n      <marc:subfield code=\"a\">RDA-FR</marc:subfield>\n    </marc:datafield>\n    <marc:datafield tag=\"154\" ind1=\" \" ind2=\" \">\n      <marc:subfield code=\"a\">xb</marc:subfield>\n    </marc:datafield>\n    <marc:datafield tag=\"242\" ind1=\" \" ind2=\"1\">\n      <marc:subfield code=\"3\">UMLRM0070</marc:subfield>\n      <marc:subfield code=\"7\">ba0yba0y</marc:subfield>\n      <marc:subfield code=\"8\">freeng</marc:subfield>\n      <marc:subfield code=\"a\">Belford, Barbara</marc:subfield>\n      <marc:subfield code=\"t\">Bram Stoker : a biography of the author of \"Dracula\"</marc:subfield>\n      <marc:subfield code=\"m\">Anglais</marc:subfield>\n      <marc:subfield code=\"n\">Texte not&#233;</marc:subfield>\n    </marc:datafield>\n    <marc:datafield tag=\"640\" ind1=\"6\" ind2=\" \">\n      <marc:subfield code=\"0\">Date de premi&#232;re publication</marc:subfield>\n      <marc:subfield code=\"f\">#1996#####</marc:subfield>\n    </marc:datafield>\n    <marc:datafield tag=\"801\" ind1=\" \" ind2=\"0\">\n      <marc:subfield code=\"a\">FR</marc:subfield>\n      <marc:subfield code=\"b\">FR-751045101</marc:subfield>\n      <marc:subfield code=\"c\">20220808</marc:subfield>\n    </marc:datafield>\n    <marc:datafield tag=\"810\" ind1=\" \" ind2=\" \">\n      <marc:subfield code=\"a\">Bram Stoker : a biography of the author of \"Dracula\" / Barbara Belford. &#8211; London : Weidenfeld and Nicolson, 1996. &#8211; [Texte not&#233; : sans m&#233;diation]. &#8211; ISBN 0-297-81331-5</marc:subfield>\n    </marc:datafield>\n  </marc:record>\n  ",
    "init_type": "oe",
    "id": "UMLRM0071",
    "txt": "\n000    00748cx  h2200217   4500\n001    UMLRM0071\n005    20220808######.D\n100    $a 20220808afrey50      ba0\n101 0  $a eng\n102    $a GB\n104    $a d1996\n105    $a ba\n145 0  $a i $b axxe\n145 0  $a b1 $b xb2e\n147 0  $a a\n152    $a RDA-FR\n154    $a xb\n242  1 $3 UMLRM0070 $7 ba0yba0y $8 freeng $a Belford, Barbara $t Bram Stoker : a biography of the author of \"Dracula\" $m Anglais $n Texte not\u00e9\n640 6  $0 Date de premi\u00e8re publication $f #1996#####\n801  0 $a FR $b FR-751045101 $c 20220808\n810    $a Bram Stoker : a biography of the author of \"Dracula\" / Barbara Belford. \u2013 London : Weidenfeld and Nicolson, 1996. \u2013 [Texte not\u00e9 : sans m\u00e9diation]. \u2013 ISBN 0-297-81331-5",
    "self_index": [
        "belford barbara bram stoker biography of the author of dracula",
        "bram stoker biography of the author of dracula barbara belford london weidenfeld and nicolson 1996 texte note sans mediation isbn 297 81331",
        "belford barbara bram stoker biography of the author of dracula",
        "bram stoker biography of the author of dracula barbara belford london weidenfeld and nicolson 1996 texte note sans mediation isbn 297 81331"
    ],
    "linked_entities_index": [
        "belford barbara bram stoker biography of the author of dracula anglais texte note",
        "bram stoker biography of the author of dracula barbara belford",
        "london weidenfeld and nicolson 1996",
        "bram stoker biography of the author of dracula barbara belford",
        "london weidenfeld and nicolson 1996",
        "illustrations dont des portraits et fac similes$?bibliographie pages $?index"
    ],
    "resp_index": [],
    "linked_resp_index": [
        "belford barbara"
    ],
    "global_index": "bram stoker biography of the author of dracula barbara belford belford barbara illustrations dont des portraits et fac similes$?bibliographie pages $?index london weidenfeld and nicolson 1996 belford barbara bram stoker biography of the author of dracula anglais texte note belford barbara bram stoker biography of the author of dracula bram stoker biography of the author of dracula barbara belford london weidenfeld and nicolson 1996 texte note sans mediation isbn 297 81331",
    "type": "e",
    "label": "Belford, Barbara, Bram Stoker : a biography of the author of \"Dracula\", Anglais, Texte not\u00e9",
    "label_html": "Belford, Barbara, Bram Stoker : a biography of the author of \"Dracula\", Anglais <img src='icons/Texte not\u00e9.png' alt='[Texte not\u00e9]' title='Texte not\u00e9'/>",
    "splitted_label": "Belford, Barbara,\nBram Stoker : a\nbiography of the\nauthor of \"Dracula\",\nAnglais, Texte not\u00e9",
    "stats_zones": {
        "001": 1,
        "005": 1,
        "100": 1,
        "101": 1,
        "102": 1,
        "104": 1,
        "105": 1,
        "145": 2,
        "147": 1,
        "152": 1,
        "154": 1,
        "242": 1,
        "640": 1,
        "801": 1,
        "810": 1
    },
    "resp": {},
    "respIds": [],
    "toOeuvres": {
        "UMLRM0070": "Belford, Barbara, Bram Stoker : a biography of the author of \"Dracula"
    },
    "toExpressions": {},
    "toManifs": {
        "UMLRM0072": "Bram Stoker, Barbara Belford, Weidenfeld and Nicolson, 1996, 1 volume(XV-381 pages), couverture illustr\u00e9e"
    },
    "manifsYears": [
        1996
    ],
    "toItems": {
        "UMLRM1023": "BM_CELESTEVILLE > ADULTES > COTE_UMLRM1023"
    },
    "other_expressions": {},
    "repr": "id : UMLRM0071\ntype initial : oe ; type : e\nlabel : Belford, Barbara, Bram Stoker : a biography of the author of \"Dracula\", Anglais, Texte not\u00e9\n\nNotice : \n000    00748cx  h2200217   4500\n001    UMLRM0071\n005    20220808######.D\n100    $a 20220808afrey50      ba0\n101 0  $a eng\n102    $a GB\n104    $a d1996\n105    $a ba\n145 0  $a i $b axxe\n145 0  $a b1 $b xb2e\n147 0  $a a\n152    $a RDA-FR\n154    $a xb\n242  1 $3 UMLRM0070 $7 ba0yba0y $8 freeng $a Belford, Barbara $t Bram Stoker : a biography of the author of \"Dracula\" $m Anglais $n Texte not\u00e9\n640 6  $0 Date de premi\u00e8re publication $f #1996#####\n801  0 $a FR $b FR-751045101 $c 20220808\n810    $a Bram Stoker : a biography of the author of \"Dracula\" / Barbara Belford. \u2013 London : Weidenfeld and Nicolson, 1996. \u2013 [Texte not\u00e9 : sans m\u00e9diation]. \u2013 ISBN 0-297-81331-5 \n\nXML : <Element {http://www.loc.gov/MARC21/slim}record at 0x257c06e3f80>\nIndexation : bram stoker biography of the author of dracula barbara belford london weidenfeld and nicolson 1996 texte note sans mediation isbn 297 81331 belford barbara bram stoker biography of the author of dracula",
    "lang": [
        "eng"
    ],
    "expressionContentType": "Texte not\u00e9",
    "exprContentType": "Texte not\u00e9",
    "exprResp": [],
    "detailed": "\n\nDate de premi\u00e8re publication : 1996",
    "detailed_sup": "Description : Illustrations dont des portraits et fac-simil\u00e9s. Bibliographie (5 pages). Index\n\n\nDate de premi\u00e8re publication : 1996\n",
    "rebonds": "",
    "rebondids": [],
    "other_works_expressions": null
}