{
    "xml": "<marc:record xmlns:marc=\"http://www.loc.gov/MARC21/slim\">\n    <marc:leader>00756nx  h2200193   4500</marc:leader>\n    <marc:controlfield tag=\"001\">UMLRM0170</marc:controlfield>\n    <marc:datafield tag=\"100\" ind1=\" \" ind2=\" \">\n      <marc:subfield code=\"a\">20221024afrey50      ba0</marc:subfield>\n    </marc:datafield>\n    <marc:datafield tag=\"101\" ind1=\"0\" ind2=\" \">\n      <marc:subfield code=\"a\">fre</marc:subfield>\n    </marc:datafield>\n    <marc:datafield tag=\"102\" ind1=\" \" ind2=\" \">\n      <marc:subfield code=\"a\">FR</marc:subfield>\n    </marc:datafield>\n    <marc:datafield tag=\"104\" ind1=\" \" ind2=\" \">\n      <marc:subfield code=\"a\">d2003</marc:subfield>\n    </marc:datafield>\n    <marc:datafield tag=\"145\" ind1=\"0\" ind2=\" \">\n      <marc:subfield code=\"a\">b</marc:subfield>\n      <marc:subfield code=\"b\">xb2e</marc:subfield>\n    </marc:datafield>\n    <marc:datafield tag=\"147\" ind1=\"0\" ind2=\" \">\n      <marc:subfield code=\"a\">h</marc:subfield>\n      <marc:subfield code=\"c\">g</marc:subfield>\n      <marc:subfield code=\"c\">i</marc:subfield>\n      <marc:subfield code=\"c\">j</marc:subfield>\n    </marc:datafield>\n    <marc:datafield tag=\"152\" ind1=\" \" ind2=\" \">\n      <marc:subfield code=\"a\">RDA-FR</marc:subfield>\n    </marc:datafield>\n    <marc:datafield tag=\"154\" ind1=\" \" ind2=\" \">\n      <marc:subfield code=\"a\">xb</marc:subfield>\n    </marc:datafield>\n    <marc:datafield tag=\"242\" ind1=\" \" ind2=\"1\">\n      <marc:subfield code=\"3\">UMLRM0169</marc:subfield>\n      <marc:subfield code=\"a\">Gauriat, Vincent</marc:subfield>\n      <marc:subfield code=\"t\">Dracula, pages tir&#233;es du journal d&#8217;une vierge, un film de Guy Maddin</marc:subfield>\n      <marc:subfield code=\"n\">Image fixe</marc:subfield>\n      <marc:subfield code=\"7\">ba0yba0y</marc:subfield>\n      <marc:subfield code=\"8\">frefre</marc:subfield>\n    </marc:datafield>\n    <marc:datafield tag=\"371\" ind1=\" \" ind2=\" \">\n      <marc:subfield code=\"f\">Technique utilis&#233;e : offset</marc:subfield>\n    </marc:datafield>\n    <marc:datafield tag=\"640\" ind1=\"6\" ind2=\" \">\n      <marc:subfield code=\"0\">Date de premi&#232;re publication</marc:subfield>\n      <marc:subfield code=\"f\">#2003#####</marc:subfield>\n    </marc:datafield>\n    <marc:datafield tag=\"801\" ind1=\" \" ind2=\"0\">\n      <marc:subfield code=\"a\">FR</marc:subfield>\n      <marc:subfield code=\"b\">FR-751045101</marc:subfield>\n      <marc:subfield code=\"c\">20221024</marc:subfield>\n    </marc:datafield>\n    <marc:datafield tag=\"810\" ind1=\" \" ind2=\" \">\n      <marc:subfield code=\"a\">Dracula, pages tir&#233;es du journal d&#8217;une vierge, un film de Guy Maddin. &#8211; [Paris] : ED distribution, [2003] (Aubervilliers : Imprimerie Karcher). &#8211; [Texte not&#233;. Image fixe : sans m&#233;diation]</marc:subfield>\n    </marc:datafield>\n  </marc:record>\n  ",
    "init_type": "oe",
    "id": "UMLRM0170",
    "txt": "\n000    00756nx  h2200193   4500\n001    UMLRM0170\n100    $a 20221024afrey50      ba0\n101 0  $a fre\n102    $a FR\n104    $a d2003\n145 0  $a b $b xb2e\n147 0  $a h $c g $c i $c j\n152    $a RDA-FR\n154    $a xb\n242  1 $3 UMLRM0169 $a Gauriat, Vincent $t Dracula, pages tir\u00e9es du journal d\u2019une vierge, un film de Guy Maddin $n Image fixe $7 ba0yba0y $8 frefre\n371    $f Technique utilis\u00e9e : offset\n640 6  $0 Date de premi\u00e8re publication $f #2003#####\n801  0 $a FR $b FR-751045101 $c 20221024\n810    $a Dracula, pages tir\u00e9es du journal d\u2019une vierge, un film de Guy Maddin. \u2013 [Paris] : ED distribution, [2003] (Aubervilliers : Imprimerie Karcher). \u2013 [Texte not\u00e9. Image fixe : sans m\u00e9diation]",
    "self_index": [
        "gauriat vincent dracula pages tirees du journal d'une vierge un film de guy maddin",
        "dracula pages tirees du journal d'une vierge un film de guy maddin paris ed distribution 2003 aubervilliers imprimerie karcher texte note image fixe sans mediation",
        "gauriat vincent dracula pages tirees du journal d'une vierge un film de guy maddin",
        "dracula pages tirees du journal d'une vierge un film de guy maddin paris ed distribution 2003 aubervilliers imprimerie karcher texte note image fixe sans mediation"
    ],
    "linked_entities_index": [
        "gauriat vincent dracula pages tirees du journal d'une vierge un film de guy maddin image fixe",
        "dracula pages tirees du journal d'une vierge un film de guy maddin affiche gauriat",
        "paris ed distribution 2003 aubervilliers imprimerie karcher",
        "dracula pages tirees du journal d'une vierge un film de guy maddin affiche gauriat",
        "paris ed distribution 2003 aubervilliers imprimerie karcher",
        "grande categorie technique impression photomecanique$?genre iconographique scenes fantastiques affiche creee pour accompagner la diffusion en france du film de guy maddin premiere diffusion en salle 31 decembre 2003"
    ],
    "resp_index": [],
    "linked_resp_index": [
        "imprimerie karcher",
        "gauriat vincent"
    ],
    "global_index": "grande categorie technique impression photomecanique$?genre iconographique scenes fantastiques affiche creee pour accompagner la diffusion en france du film de guy maddin premiere diffusion en salle 31 decembre 2003 gauriat vincent dracula pages tirees du journal d'une vierge un film de guy maddin image fixe dracula pages tirees du journal d'une vierge un film de guy maddin affiche gauriat paris ed distribution 2003 aubervilliers imprimerie karcher dracula pages tirees du journal d'une vierge un film de guy maddin paris ed distribution 2003 aubervilliers imprimerie karcher texte note image fixe sans mediation gauriat vincent dracula pages tirees du journal d'une vierge un film de guy maddin imprimerie karcher gauriat vincent",
    "type": "e",
    "label": "Gauriat, Vincent, Dracula, pages tir\u00e9es du journal d\u2019une vierge, un film de Guy Maddin, Image fixe",
    "label_html": "Gauriat, Vincent, Dracula, pages tir\u00e9es du journal d\u2019une vierge, un film de Guy Maddin <img src='icons/Image fixe.png' alt='[Image fixe]' title='Image fixe'/>",
    "splitted_label": "Gauriat, Vincent,\nDracula, pages\ntir\u00e9es du journal\nd\u2019une vierge, un\nfilm de Guy Maddin,\nImage fixe",
    "stats_zones": {
        "001": 1,
        "100": 1,
        "101": 1,
        "102": 1,
        "104": 1,
        "145": 1,
        "147": 1,
        "152": 1,
        "154": 1,
        "242": 1,
        "371": 1,
        "640": 1,
        "801": 1,
        "810": 1
    },
    "resp": {},
    "respIds": [],
    "toOeuvres": {
        "UMLRM0169": "Gauriat, Vincent, Dracula, pages tir\u00e9es du journal d\u2019une vierge, un film de Guy Maddin"
    },
    "toExpressions": {},
    "toManifs": {
        "UMLRM0171": "Dracula, pages tir\u00e9es du journal d\u2019une vierge, un film de Guy Maddin, [V. Gauriat], ED distribution - Imprimerie Karcher, [2003], 1 feuille"
    },
    "manifsYears": [
        2003
    ],
    "toItems": {
        "UMLRM1049": "BM_CELESTEVILLE > MEZZANINE > COTE_UMLRM1049"
    },
    "other_expressions": {},
    "repr": "id : UMLRM0170\ntype initial : oe ; type : e\nlabel : Gauriat, Vincent, Dracula, pages tir\u00e9es du journal d\u2019une vierge, un film de Guy Maddin, Image fixe\n\nNotice : \n000    00756nx  h2200193   4500\n001    UMLRM0170\n100    $a 20221024afrey50      ba0\n101 0  $a fre\n102    $a FR\n104    $a d2003\n145 0  $a b $b xb2e\n147 0  $a h $c g $c i $c j\n152    $a RDA-FR\n154    $a xb\n242  1 $3 UMLRM0169 $a Gauriat, Vincent $t Dracula, pages tir\u00e9es du journal d\u2019une vierge, un film de Guy Maddin $n Image fixe $7 ba0yba0y $8 frefre\n371    $f Technique utilis\u00e9e : offset\n640 6  $0 Date de premi\u00e8re publication $f #2003#####\n801  0 $a FR $b FR-751045101 $c 20221024\n810    $a Dracula, pages tir\u00e9es du journal d\u2019une vierge, un film de Guy Maddin. \u2013 [Paris] : ED distribution, [2003] (Aubervilliers : Imprimerie Karcher). \u2013 [Texte not\u00e9. Image fixe : sans m\u00e9diation] \n\nXML : <Element {http://www.loc.gov/MARC21/slim}record at 0x257c06e5f00>\nIndexation : dracula pages tirees du journal d'une vierge un film de guy maddin paris ed distribution 2003 aubervilliers imprimerie karcher texte note image fixe sans mediation gauriat vincent dracula pages tirees du journal d'une vierge un film de guy maddin",
    "lang": [
        "fre"
    ],
    "expressionContentType": "Image fixe",
    "exprContentType": "Image fixe",
    "exprResp": [],
    "detailed": "Description : Technique utilis\u00e9e : offset\n\n\nDate de premi\u00e8re publication : 2003",
    "detailed_sup": "Description : Grande cat\u00e9gorie technique : impression photom\u00e9canique. Genre iconographique : Sc\u00e8nes fantastiques, Affiche cr\u00e9\u00e9e pour accompagner la diffusion en France du film de Guy Maddin (premi\u00e8re diffusion en salle : 31 d\u00e9cembre 2003)\n\n\nDate de premi\u00e8re publication : 2003\nDate de sortie en salle du film : 31/12/2003\n",
    "rebonds": "",
    "rebondids": [],
    "other_works_expressions": null
}