{
    "xml": "<marc:record xmlns:marc=\"http://www.loc.gov/MARC21/slim\">\n    <marc:leader>01097nx  h2200253   4500</marc:leader>\n    <marc:controlfield tag=\"001\">UMLRM0150</marc:controlfield>\n    <marc:datafield tag=\"100\" ind1=\" \" ind2=\" \">\n      <marc:subfield code=\"a\">20220927afrey50      ba0</marc:subfield>\n    </marc:datafield>\n    <marc:datafield tag=\"101\" ind1=\"0\" ind2=\" \">\n      <marc:subfield code=\"a\">zxx</marc:subfield>\n    </marc:datafield>\n    <marc:datafield tag=\"102\" ind1=\" \" ind2=\" \">\n      <marc:subfield code=\"a\">FR</marc:subfield>\n    </marc:datafield>\n    <marc:datafield tag=\"104\" ind1=\" \" ind2=\" \">\n      <marc:subfield code=\"a\">d1968</marc:subfield>\n    </marc:datafield>\n    <marc:datafield tag=\"125\" ind1=\"0\" ind2=\" \">\n      <marc:subfield code=\"a\">m</marc:subfield>\n    </marc:datafield>\n    <marc:datafield tag=\"140\" ind1=\" \" ind2=\" \">\n      <marc:subfield code=\"a\">is</marc:subfield>\n      <marc:subfield code=\"b\">illus</marc:subfield>\n      <marc:subfield code=\"2\">BnF-FonctIco</marc:subfield>\n    </marc:datafield>\n    <marc:datafield tag=\"145\" ind1=\"0\" ind2=\" \">\n      <marc:subfield code=\"a\">b</marc:subfield>\n      <marc:subfield code=\"b\">xb2e</marc:subfield>\n    </marc:datafield>\n    <marc:datafield tag=\"147\" ind1=\"0\" ind2=\" \">\n      <marc:subfield code=\"a\">a</marc:subfield>\n    </marc:datafield>\n    <marc:datafield tag=\"152\" ind1=\" \" ind2=\" \">\n      <marc:subfield code=\"a\">RDA-FR</marc:subfield>\n    </marc:datafield>\n    <marc:datafield tag=\"154\" ind1=\" \" ind2=\" \">\n      <marc:subfield code=\"a\">xa</marc:subfield>\n    </marc:datafield>\n    <marc:datafield tag=\"241\" ind1=\" \" ind2=\"1\">\n      <marc:subfield code=\"3\">11900673</marc:subfield>\n      <marc:subfield code=\"o\">ISNI 0000 0001 2125 532</marc:subfield>\n      <marc:subfield code=\"a\">Druillet, Philippe (1944-....)</marc:subfield>\n      <marc:subfield code=\"t\">[Illustrations pour \"Dracula\" de Bram Stoker]</marc:subfield>\n      <marc:subfield code=\"7\">ba0yba0y</marc:subfield>\n      <marc:subfield code=\"8\">frefre</marc:subfield>\n    </marc:datafield>\n    <marc:datafield tag=\"370\" ind1=\" \" ind2=\" \">\n      <marc:subfield code=\"a\">Grande cat&#233;gorie technique : dessin</marc:subfield>\n      <marc:subfield code=\"a\">Genre iconographique : Sc&#232;nes fantastiques</marc:subfield>\n    </marc:datafield>\n    <marc:datafield tag=\"501\" ind1=\" \" ind2=\"1\">\n      <marc:subfield code=\"3\">11900673</marc:subfield>\n      <marc:subfield code=\"7\">ba0yba0y</marc:subfield>\n      <marc:subfield code=\"8\">frefre</marc:subfield>\n      <marc:subfield code=\"o\">ISNI 0000 0001 2125 5326</marc:subfield>\n      <marc:subfield code=\"a\">Druillet</marc:subfield>\n      <marc:subfield code=\"b\">Philippe</marc:subfield>\n      <marc:subfield code=\"f\">1944-....</marc:subfield>\n      <marc:subfield code=\"4\">440</marc:subfield>\n    </marc:datafield>\n    <marc:datafield tag=\"541\" ind1=\" \" ind2=\"1\">\n      <marc:subfield code=\"5\">xxg</marc:subfield>\n      <marc:subfield code=\"p\">Illustre</marc:subfield>\n      <marc:subfield code=\"3\">UMLRM0004</marc:subfield>\n      <marc:subfield code=\"7\">ba0yba0y</marc:subfield>\n      <marc:subfield code=\"8\">freeng</marc:subfield>\n      <marc:subfield code=\"a\">Stoker, Bram (1847-1912)</marc:subfield>\n      <marc:subfield code=\"t\">Dracula</marc:subfield>\n    </marc:datafield>\n    <marc:datafield tag=\"608\" ind1=\" \" ind2=\" \">\n      <marc:subfield code=\"3\">11975832</marc:subfield>\n      <marc:subfield code=\"a\">Illustrations</marc:subfield>\n      <marc:subfield code=\"2\">rameauForme</marc:subfield>\n    </marc:datafield>\n    <marc:datafield tag=\"640\" ind1=\"6\" ind2=\" \">\n      <marc:subfield code=\"0\">Date de premi&#232;re publication</marc:subfield>\n      <marc:subfield code=\"f\">#1968#####</marc:subfield>\n    </marc:datafield>\n    <marc:datafield tag=\"801\" ind1=\" \" ind2=\"0\">\n      <marc:subfield code=\"a\">FR</marc:subfield>\n      <marc:subfield code=\"b\">FR-751045101</marc:subfield>\n      <marc:subfield code=\"c\">20220927</marc:subfield>\n    </marc:datafield>\n    <marc:datafield tag=\"810\" ind1=\" \" ind2=\" \">\n      <marc:subfield code=\"a\">Dracula / Bram Stoker ; illustrations originales de Philippe Druillet ; introduction de Tony Faivre. - Paris : &#201;ditions Opta, 1968. - [Texte not&#233;. Image fixe : sans</marc:subfield>\n    </marc:datafield>\n  </marc:record>\n  ",
    "init_type": "oe",
    "id": "UMLRM0150",
    "txt": "\n000    01097nx  h2200253   4500\n001    UMLRM0150\n100    $a 20220927afrey50      ba0\n101 0  $a zxx\n102    $a FR\n104    $a d1968\n125 0  $a m\n140    $a is $b illus $2 BnF-FonctIco\n145 0  $a b $b xb2e\n147 0  $a a\n152    $a RDA-FR\n154    $a xa\n241  1 $3 11900673 $o ISNI 0000 0001 2125 532 $a Druillet, Philippe (1944-....) $t [Illustrations pour \"Dracula\" de Bram Stoker] $7 ba0yba0y $8 frefre\n370    $a Grande cat\u00e9gorie technique : dessin $a Genre iconographique : Sc\u00e8nes fantastiques\n501  1 $3 11900673 $7 ba0yba0y $8 frefre $o ISNI 0000 0001 2125 5326 $a Druillet $b Philippe $f 1944-.... $4 440\n541  1 $5 xxg $p Illustre $3 UMLRM0004 $7 ba0yba0y $8 freeng $a Stoker, Bram (1847-1912) $t Dracula\n608    $3 11975832 $a Illustrations $2 rameauForme\n640 6  $0 Date de premi\u00e8re publication $f #1968#####\n801  0 $a FR $b FR-751045101 $c 20220927\n810    $a Dracula / Bram Stoker ; illustrations originales de Philippe Druillet ; introduction de Tony Faivre. - Paris : \u00c9ditions Opta, 1968. - [Texte not\u00e9. Image fixe : sans",
    "self_index": [
        "grande categorie technique dessin$?genre iconographique scenes fantastiques",
        "grande categorie technique dessin$?genre iconographique scenes fantastiques"
    ],
    "linked_entities_index": [
        "dracula bram stoker illustrations originales de philippe druillet introduction de tony faivre",
        "paris editions opta 1968",
        "aventures fantastiques",
        "dracula bram stoker illustrations originales de philippe druillet introduction de tony faivre",
        "paris editions opta 1968",
        "aventures fantastiques",
        "druillet philippe 1944 illustrations pour dracula de bram stoker",
        "dracula bram stoker illustrations originales de philippe druillet introduction de tony faivre paris editions opta 1968 texte note image fixe sans mediation",
        "druillet philippe 1944 illustrations pour dracula de bram stoker",
        "dracula bram stoker illustrations originales de philippe druillet introduction de tony faivre paris editions opta 1968 texte note image fixe sans mediation"
    ],
    "resp_index": [
        "druillet philippe",
        "druillet philippe"
    ],
    "linked_resp_index": [
        "faivre tony"
    ],
    "global_index": "dracula bram stoker illustrations originales de philippe druillet introduction de tony faivre druillet philippe faivre tony druillet philippe 1944 illustrations pour dracula de bram stoker grande categorie technique dessin$?genre iconographique scenes fantastiques dracula bram stoker illustrations originales de philippe druillet introduction de tony faivre paris editions opta 1968 texte note image fixe sans mediation paris editions opta 1968 aventures fantastiques",
    "type": "o",
    "label": "Druillet, Philippe (1944-....), [Illustrations pour \"Dracula\" de Bram Stoker]",
    "label_html": "Druillet, Philippe (1944-....), [Illustrations pour \"Dracula\" de Bram Stoker]",
    "splitted_label": "Druillet, Philippe\n(1944-....),\n[Illustrations pour\n\"Dracula\" de Bram\nStoker]",
    "stats_zones": {
        "001": 1,
        "100": 1,
        "101": 1,
        "102": 1,
        "104": 1,
        "125": 1,
        "140": 1,
        "145": 1,
        "147": 1,
        "152": 1,
        "154": 1,
        "241": 1,
        "370": 1,
        "501": 1,
        "541": 1,
        "608": 1,
        "640": 1,
        "801": 1,
        "810": 1
    },
    "resp": {
        "Druillet, Philippe": [
            "Illustrateur"
        ]
    },
    "respIds": [
        "11900673"
    ],
    "toOeuvres": {},
    "toExpressions": {
        "UMLRM0151": "Druillet, Philippe (1944-....), Illustrations pour \"Dracula\" de Bram Stoker, Image fixe"
    },
    "toManifs": {
        "UMLRM0110": "Dracula, Bram Stoker, \u00c9ditions Opta, 1968, 1 volume (XX-413 pages), illustrations en noir et blanc, cartonnage illustr\u00e9"
    },
    "manifsYears": [
        1968
    ],
    "toItems": {
        "UMLRM1035": "BM_CELESTEVILLE > ADULTES > COTE_UMLRM1035"
    },
    "other_expressions": {},
    "repr": "id : UMLRM0150\ntype initial : oe ; type : o\nlabel : Druillet, Philippe (1944-....), [Illustrations pour \"Dracula\" de Bram Stoker]\n\nNotice : \n000    01097nx  h2200253   4500\n001    UMLRM0150\n100    $a 20220927afrey50      ba0\n101 0  $a zxx\n102    $a FR\n104    $a d1968\n125 0  $a m\n140    $a is $b illus $2 BnF-FonctIco\n145 0  $a b $b xb2e\n147 0  $a a\n152    $a RDA-FR\n154    $a xa\n241  1 $3 11900673 $o ISNI 0000 0001 2125 532 $a Druillet, Philippe (1944-....) $t [Illustrations pour \"Dracula\" de Bram Stoker] $7 ba0yba0y $8 frefre\n370    $a Grande cat\u00e9gorie technique : dessin $a Genre iconographique : Sc\u00e8nes fantastiques\n501  1 $3 11900673 $7 ba0yba0y $8 frefre $o ISNI 0000 0001 2125 5326 $a Druillet $b Philippe $f 1944-.... $4 440\n541  1 $5 xxg $p Illustre $3 UMLRM0004 $7 ba0yba0y $8 freeng $a Stoker, Bram (1847-1912) $t Dracula\n608    $3 11975832 $a Illustrations $2 rameauForme\n640 6  $0 Date de premi\u00e8re publication $f #1968#####\n801  0 $a FR $b FR-751045101 $c 20220927\n810    $a Dracula / Bram Stoker ; illustrations originales de Philippe Druillet ; introduction de Tony Faivre. - Paris : \u00c9ditions Opta, 1968. - [Texte not\u00e9. Image fixe : sans \n\nXML : <Element {http://www.loc.gov/MARC21/slim}record at 0x257c06e5ac0>\nIndexation : druillet philippe grande categorie technique dessin$?genre iconographique scenes fantastiques",
    "subjects": {},
    "genreforme": {
        "11975832": ""
    },
    "detailed": "Description : Grande cat\u00e9gorie technique : dessin. Genre iconographique : Sc\u00e8nes fantastiques\n\n\nDate de premi\u00e8re publication : 1968",
    "rebonds": "<span class='rebond'><a href='full_results_UMLRM0004.html'>Illustre Stoker, Bram (1847-1912) Dracula</a></span>",
    "rebondids": [
        "UMLRM0004"
    ],
    "exprResp": [],
    "lang": [
        "zxx"
    ],
    "exprContentType": [
        "Image fixe"
    ]
}