{
    "xml": "<marc:record xmlns:marc=\"http://www.loc.gov/MARC21/slim\">\n    <marc:leader>01438nx  f2200241   4500</marc:leader>\n    <marc:controlfield tag=\"001\">UMLRM0184</marc:controlfield>\n    <marc:datafield tag=\"100\" ind1=\" \" ind2=\" \">\n      <marc:subfield code=\"a\">20221109afrey50      ba0</marc:subfield>\n    </marc:datafield>\n    <marc:datafield tag=\"101\" ind1=\"2\" ind2=\" \">\n      <marc:subfield code=\"a\">eng</marc:subfield>\n      <marc:subfield code=\"a\">ger</marc:subfield>\n      <marc:subfield code=\"j\">fre</marc:subfield>\n    </marc:datafield>\n    <marc:datafield tag=\"102\" ind1=\" \" ind2=\" \">\n      <marc:subfield code=\"a\">FR</marc:subfield>\n    </marc:datafield>\n    <marc:datafield tag=\"104\" ind1=\" \" ind2=\" \">\n      <marc:subfield code=\"a\">d2001</marc:subfield>\n    </marc:datafield>\n    <marc:datafield tag=\"145\" ind1=\" \" ind2=\" \">\n      <marc:subfield code=\"a\">b</marc:subfield>\n      <marc:subfield code=\"b\">xa2ae</marc:subfield>\n    </marc:datafield>\n    <marc:datafield tag=\"147\" ind1=\"1\" ind2=\" \">\n      <marc:subfield code=\"a\">h</marc:subfield>\n      <marc:subfield code=\"e\">c</marc:subfield>\n      <marc:subfield code=\"h\">c</marc:subfield>\n    </marc:datafield>\n    <marc:datafield tag=\"152\" ind1=\" \" ind2=\" \">\n      <marc:subfield code=\"a\"> RDA-FR</marc:subfield>\n    </marc:datafield>\n    <marc:datafield tag=\"154\" ind1=\" \" ind2=\" \">\n      <marc:subfield code=\"a\">xb</marc:subfield>\n    </marc:datafield>\n    <marc:datafield tag=\"232\" ind1=\" \" ind2=\" \">\n      <marc:subfield code=\"3\">UMLRM0129</marc:subfield>\n      <marc:subfield code=\"7\">ba0yba0y</marc:subfield>\n      <marc:subfield code=\"8\">freeng</marc:subfield>\n      <marc:subfield code=\"a\">Shadow of the vampire</marc:subfield>\n      <marc:subfield code=\"c\">film</marc:subfield>\n      <marc:subfield code=\"m\">Anglais ; sous titrage en fran&#231;ais</marc:subfield>\n    </marc:datafield>\n    <marc:datafield tag=\"371\" ind1=\" \" ind2=\" \">\n      <marc:subfield code=\"a\">Encodage du son : format multicanal (Dolby digital 5.1)</marc:subfield>\n      <marc:subfield code=\"f\">Film en version anglaise avec sous-titrage en fran&#231;ais</marc:subfield>\n    </marc:datafield>\n    <marc:datafield tag=\"432\" ind1=\" \" ind2=\" \">\n      <marc:subfield code=\"7\">ba0yba0y</marc:subfield>\n      <marc:subfield code=\"8\">frefre</marc:subfield>\n      <marc:subfield code=\"a\">L'ombre du vampire</marc:subfield>\n      <marc:subfield code=\"c\">film</marc:subfield>\n      <marc:subfield code=\"m\">Anglais ; sous titrage en fran&#231;ais</marc:subfield>\n    </marc:datafield>\n    <marc:datafield tag=\"640\" ind1=\"6\" ind2=\" \">\n      <marc:subfield code=\"0\">Date de premi&#232;re publication</marc:subfield>\n      <marc:subfield code=\"f\">#2001#####</marc:subfield>\n    </marc:datafield>\n    <marc:datafield tag=\"801\" ind1=\" \" ind2=\"0\">\n      <marc:subfield code=\"a\">FR</marc:subfield>\n      <marc:subfield code=\"b\">FR-751131015</marc:subfield>\n      <marc:subfield code=\"c\">20221108</marc:subfield>\n    </marc:datafield>\n    <marc:datafield tag=\"810\" ind1=\" \" ind2=\" \">\n      <marc:subfield code=\"a\">L'ombre du vampire = Shadow of the vampire / E. Elias Merhige, [r&#233;alisateur] ; Steven Katz, sc&#233;nario ; Dan Jones, [compositeur] ; John Malkovitch, Willem Dafoe, Cary Elwes... [et autres], [acteurs]. &#8211; Paris : Studio Canal+ [&#233;diteur] ; Antony : Universal pictures vid&#233;o France SA [distributeur], 2001 (DL). &#8211; [Image anim&#233;e : vid&#233;o]. &#8211; R&#233;f&#233;rence commerciale : 1962412 (Studio Canal)</marc:subfield>\n    </marc:datafield>\n    <marc:datafield tag=\"810\" ind1=\" \" ind2=\" \">\n      <marc:subfield code=\"a\">Wikipedia : https://fr.wikipedia.org/wiki/L%27Ombre_du_vampire (2022-11-08)</marc:subfield>\n    </marc:datafield>\n    <marc:datafield tag=\"810\" ind1=\" \" ind2=\" \">\n      <marc:subfield code=\"a\">Cin&#233;-ressources : catalogue collectif des biblioth&#232;ques et archives de cin&#233;ma : http://www.cineressources.net (2022-11-08)</marc:subfield>\n    </marc:datafield>\n    <marc:datafield tag=\"810\" ind1=\" \" ind2=\" \">\n      <marc:subfield code=\"a\">IMDB (Internet movie database) : https://www.imdb.com/title/tt0189998 (2022-11-08)</marc:subfield>\n    </marc:datafield>\n  </marc:record>\n  ",
    "init_type": "oe",
    "id": "UMLRM0184",
    "txt": "\n000    01438nx  f2200241   4500\n001    UMLRM0184\n100    $a 20221109afrey50      ba0\n101 2  $a eng $a ger $j fre\n102    $a FR\n104    $a d2001\n145    $a b $b xa2ae\n147 1  $a h $e c $h c\n152    $a  RDA-FR\n154    $a xb\n232    $3 UMLRM0129 $7 ba0yba0y $8 freeng $a Shadow of the vampire $c film $m Anglais ; sous titrage en fran\u00e7ais\n371    $a Encodage du son : format multicanal (Dolby digital 5.1) $f Film en version anglaise avec sous-titrage en fran\u00e7ais\n432    $7 ba0yba0y $8 frefre $a L'ombre du vampire $c film $m Anglais ; sous titrage en fran\u00e7ais\n640 6  $0 Date de premi\u00e8re publication $f #2001#####\n801  0 $a FR $b FR-751131015 $c 20221108\n810    $a L'ombre du vampire = Shadow of the vampire / E. Elias Merhige, [r\u00e9alisateur] ; Steven Katz, sc\u00e9nario ; Dan Jones, [compositeur] ; John Malkovitch, Willem Dafoe, Cary Elwes... [et autres], [acteurs]. \u2013 Paris : Studio Canal+ [\u00e9diteur] ; Antony : Universal pictures vid\u00e9o France SA [distributeur], 2001 (DL). \u2013 [Image anim\u00e9e : vid\u00e9o]. \u2013 R\u00e9f\u00e9rence commerciale : 1962412 (Studio Canal)\n810    $a Wikipedia : https://fr.wikipedia.org/wiki/L%27Ombre_du_vampire (2022-11-08)\n810    $a Cin\u00e9-ressources : catalogue collectif des biblioth\u00e8ques et archives de cin\u00e9ma : http://www.cineressources.net (2022-11-08)\n810    $a IMDB (Internet movie database) : https://www.imdb.com/title/tt0189998 (2022-11-08)",
    "self_index": [
        "shadow of the vampire",
        "encodage du son format multicanal dolby digital",
        "ombre du vampire shadow of the vampire elias merhige realisateur steven katz scenario dan jones compositeur john malkovitch willem dafoe cary elwes et autres acteurs paris studio canal editeur antony universal pictures video france sa distributeur 2001 dl image animee video reference commerciale 1962412 studio canal $?wikipedia https fr wikipedia org wiki 27ombre du vampire 2022 11 08 $?cine ressources catalogue collectif des bibliotheques et archives de cinema http www cineressources net 2022 11 08 $?imdb internet movie database https www imdb com title tt0189998 2022 11 08",
        "shadow of the vampire",
        "encodage du son format multicanal dolby digital",
        "ombre du vampire shadow of the vampire elias merhige realisateur steven katz scenario dan jones compositeur john malkovitch willem dafoe cary elwes et autres acteurs paris studio canal editeur antony universal pictures video france sa distributeur 2001 dl image animee video reference commerciale 1962412 studio canal $?wikipedia https fr wikipedia org wiki 27ombre du vampire 2022 11 08 $?cine ressources catalogue collectif des bibliotheques et archives de cinema http www cineressources net 2022 11 08 $?imdb internet movie database https www imdb com title tt0189998 2022 11 08"
    ],
    "linked_entities_index": [
        "shadow of the vampire film anglais sous titrage en francais",
        "ombre du vampire shadow of the vampire elias merhige realisateur steven katz scenario dan jones compositeur john malkovitch willem dafoe cary elwes et autres acteurs eng",
        "paris studio canal dl 2001 antony universal pictures video france sa",
        "contient aussi les bandes annonces filmographies en coulisse bonus cache",
        "ombre du vampire shadow of the vampire elias merhige realisateur steven katz scenario dan jones compositeur john malkovitch willem dafoe cary elwes et autres acteurs eng",
        "paris studio canal dl 2001 antony universal pictures video france sa",
        "contient aussi les bandes annonces filmographies en coulisse bonus cache",
        "https www wikidata org wiki q1324090$?http viaf org viaf 316752046",
        "shadow of the vampire",
        "apres le tournage du film nosferatu eine symphonie des grauens sorti en france sous le titre de nosferatu le vampire de murnau",
        "le tournage de nosferatu eine symphonie des grauens 1922 est entrave par sa star max schreck qui prend le role un vampire beaucoup plus au serieux qu il ne semble humainement possible $?en 1921 friedrich murnau entreprend le tournage de sa version de dracula nosferatu contrevenant un peu aux regles de expressionnisme il decide de tourner en decors naturels et emmene son equipe dans une campagne retiree de tchecoslovaquie acteur qui doit incarner le vampire max schreck est parti sur les lieux avant tout le monde pour impregner de son personnage des sa premiere scene il terrorise son partenaire il apparait jamais visage decouvert adopte une attitude deconcertante et vit dans ombre retire de equipe qui commence inquieter bientot en plein tournage il se jette sur operateur et lui suce le sang schreck est en fait un authentique vampire qui en echange de sa prestation murnau promis de livrer son actrice vedette greta celle ci arrive sur les lieux schreck devient de plus en plus impatient et murnau doit sans cesse renegocier pour esperer finir son film un soir murnau drogue avoue tout son producteur celui ci essaie de pieger schreck en faisant entrer la lumiere du jour la fin de sa derniere scene pour le tuer mais le vampire dejoue le tour et furieux tue actrice le producteur et le nouvel operateur fascine murnau tourne des techniciens arrivent alors ouvrir une porte le soleil entre schreck meurt inconscient du drame murnau demande le cut"
    ],
    "resp_index": [],
    "linked_resp_index": [
        "studio canal plus",
        "universal pictures video france sa",
        "lions gate productions",
        "merhige elias",
        "katz stephen",
        "malkovich john",
        "dafoe willem",
        "elwes cary",
        "bbc films",
        "saturn films",
        "pilgrim films and television",
        "film fund luxembourg"
    ],
    "global_index": "merhige elias ombre du vampire shadow of the vampire elias merhige realisateur steven katz scenario dan jones compositeur john malkovitch willem dafoe cary elwes et autres acteurs paris studio canal editeur antony universal pictures video france sa distributeur 2001 dl image animee video reference commerciale 1962412 studio canal $?wikipedia https fr wikipedia org wiki 27ombre du vampire 2022 11 08 $?cine ressources catalogue collectif des bibliotheques et archives de cinema http www cineressources net 2022 11 08 $?imdb internet movie database https www imdb com title tt0189998 2022 11 08 katz stephen le tournage de nosferatu eine symphonie des grauens 1922 est entrave par sa star max schreck qui prend le role un vampire beaucoup plus au serieux qu il ne semble humainement possible $?en 1921 friedrich murnau entreprend le tournage de sa version de dracula nosferatu contrevenant un peu aux regles de expressionnisme il decide de tourner en decors naturels et emmene son equipe dans une campagne retiree de tchecoslovaquie acteur qui doit incarner le vampire max schreck est parti sur les lieux avant tout le monde pour impregner de son personnage des sa premiere scene il terrorise son partenaire il apparait jamais visage decouvert adopte une attitude deconcertante et vit dans ombre retire de equipe qui commence inquieter bientot en plein tournage il se jette sur operateur et lui suce le sang schreck est en fait un authentique vampire qui en echange de sa prestation murnau promis de livrer son actrice vedette greta celle ci arrive sur les lieux schreck devient de plus en plus impatient et murnau doit sans cesse renegocier pour esperer finir son film un soir murnau drogue avoue tout son producteur celui ci essaie de pieger schreck en faisant entrer la lumiere du jour la fin de sa derniere scene pour le tuer mais le vampire dejoue le tour et furieux tue actrice le producteur et le nouvel operateur fascine murnau tourne des techniciens arrivent alors ouvrir une porte le soleil entre schreck meurt inconscient du drame murnau demande le cut https www wikidata org wiki q1324090$?http viaf org viaf 316752046 saturn films bbc films shadow of the vampire shadow of the vampire film anglais sous titrage en francais elwes cary encodage du son format multicanal dolby digital lions gate productions ombre du vampire shadow of the vampire elias merhige realisateur steven katz scenario dan jones compositeur john malkovitch willem dafoe cary elwes et autres acteurs eng studio canal plus malkovich john paris studio canal dl 2001 antony universal pictures video france sa pilgrim films and television universal pictures video france sa dafoe willem film fund luxembourg apres le tournage du film nosferatu eine symphonie des grauens sorti en france sous le titre de nosferatu le vampire de murnau contient aussi les bandes annonces filmographies en coulisse bonus cache",
    "type": "e",
    "label": "Shadow of the vampire, film, Anglais ; sous titrage en fran\u00e7ais",
    "label_html": "Shadow of the vampire <img src='icons/film.png' alt='[film]' title='film'/> Anglais ; sous titrage en fran\u00e7ais",
    "splitted_label": "Shadow of the\nvampire, film,\nAnglais ; sous\ntitrage en fran\u00e7ais",
    "stats_zones": {
        "001": 1,
        "100": 1,
        "101": 1,
        "102": 1,
        "104": 1,
        "145": 1,
        "147": 1,
        "152": 1,
        "154": 1,
        "232": 1,
        "371": 1,
        "432": 1,
        "640": 1,
        "801": 1,
        "810": 4
    },
    "resp": {},
    "respIds": [],
    "toOeuvres": {
        "UMLRM0129": "Shadow of the vampire, film"
    },
    "toExpressions": {},
    "toManifs": {
        "UMLRM0185": "L'ombre du vampire, E. Elias Merhige, [r\u00e9alisateur], Studio Canal+ - Universal pictures vid\u00e9o France SA, [DL 2001], 1 DVD vid\u00e9o, monoface, 16/9 compatible 4/3, PAL, Dolby digital 5.1, zone 2"
    },
    "manifsYears": [
        2001
    ],
    "toItems": {
        "UMLRM1051": "BM_CELESTEVILLE > ADULTES > COTE_UMLRM1051"
    },
    "other_expressions": {
        "UMLRM0130": "Shadow of the vampire, film, Franc\u0327ais [Shadow of the vampire, film]",
        "UMLRM0002": "Nosferatu, eine Symphonie des Grauens, film, Fran\u00e7ais, 60mn [Nosferatu, eine Symphonie des Grauens, film]"
    },
    "repr": "id : UMLRM0184\ntype initial : oe ; type : e\nlabel : Shadow of the vampire, film, Anglais ; sous titrage en fran\u00e7ais\n\nNotice : \n000    01438nx  f2200241   4500\n001    UMLRM0184\n100    $a 20221109afrey50      ba0\n101 2  $a eng $a ger $j fre\n102    $a FR\n104    $a d2001\n145    $a b $b xa2ae\n147 1  $a h $e c $h c\n152    $a  RDA-FR\n154    $a xb\n232    $3 UMLRM0129 $7 ba0yba0y $8 freeng $a Shadow of the vampire $c film $m Anglais ; sous titrage en fran\u00e7ais\n371    $a Encodage du son : format multicanal (Dolby digital 5.1) $f Film en version anglaise avec sous-titrage en fran\u00e7ais\n432    $7 ba0yba0y $8 frefre $a L'ombre du vampire $c film $m Anglais ; sous titrage en fran\u00e7ais\n640 6  $0 Date de premi\u00e8re publication $f #2001#####\n801  0 $a FR $b FR-751131015 $c 20221108\n810    $a L'ombre du vampire = Shadow of the vampire / E. Elias Merhige, [r\u00e9alisateur] ; Steven Katz, sc\u00e9nario ; Dan Jones, [compositeur] ; John Malkovitch, Willem Dafoe, Cary Elwes... [et autres], [acteurs]. \u2013 Paris : Studio Canal+ [\u00e9diteur] ; Antony : Universal pictures vid\u00e9o France SA [distributeur], 2001 (DL). \u2013 [Image anim\u00e9e : vid\u00e9o]. \u2013 R\u00e9f\u00e9rence commerciale : 1962412 (Studio Canal)\n810    $a Wikipedia : https://fr.wikipedia.org/wiki/L%27Ombre_du_vampire (2022-11-08)\n810    $a Cin\u00e9-ressources : catalogue collectif des biblioth\u00e8ques et archives de cin\u00e9ma : http://www.cineressources.net (2022-11-08)\n810    $a IMDB (Internet movie database) : https://www.imdb.com/title/tt0189998 (2022-11-08) \n\nXML : <Element {http://www.loc.gov/MARC21/slim}record at 0x257c06e60c0>\nIndexation : encodage du son format multicanal dolby digital shadow of the vampire ombre du vampire shadow of the vampire elias merhige realisateur steven katz scenario dan jones compositeur john malkovitch willem dafoe cary elwes et autres acteurs paris studio canal editeur antony universal pictures video france sa distributeur 2001 dl image animee video reference commerciale 1962412 studio canal $?wikipedia https fr wikipedia org wiki 27ombre du vampire 2022 11 08 $?cine ressources catalogue collectif des bibliotheques et archives de cinema http www cineressources net 2022 11 08 $?imdb internet movie database https www imdb com title tt0189998 2022 11 08",
    "lang": [
        "eng",
        "ger"
    ],
    "expressionContentType": "film",
    "exprContentType": "film",
    "exprResp": [],
    "detailed": "Description : Encodage du son : format multicanal (Dolby digital 5.1), Film en version anglaise avec sous-titrage en fran\u00e7ais\n\n\nDate de premi\u00e8re publication : 2001",
    "detailed_sup": "Description : D'apr\u00e8s le tournage du film \"Nosferatu : eine Symphonie des Grauens\" (sorti en France sous le titre de \"Nosferatu le vampire\") de F.-W. Murnau.\nLe tournage de \"Nosferatu, eine Symphonie des Grauens\" (1922) est entrav\u00e9 par sa star Max Schreck, qui prend le r\u00f4le d'un vampire beaucoup plus au s\u00e9rieux qu'il ne semble humainement possible..\nEn 1921, Friedrich Murnau entreprend le tournage de sa version de Dracula : Nosferatu. Contrevenant un peu aux r\u00e8gles de l'expressionnisme, il d\u00e9cide de tourner en d\u00e9cors naturels et emm\u00e8ne son \u00e9quipe dans une campagne retir\u00e9e de Tch\u00e9coslovaquie. L'acteur qui doit incarner le vampire, Max Schreck, est parti sur les lieux avant tout le monde pour s'impr\u00e9gner de son personnage. D\u00e8s sa premi\u00e8re sc\u00e8ne, il terrorise son partenaire. Il n'appara\u00eet jamais \u00e0 visage d\u00e9couvert, adopte une attitude d\u00e9concertante et vit dans l'ombre, retir\u00e9 de l'\u00e9quipe, qui commence \u00e0 s'inqui\u00e9ter. Bient\u00f4t, en plein tournage, il se jette sur l'op\u00e9rateur et lui suce le sang. Schreck est en fait un authentique vampire \u00e0 qui, en \u00e9change de sa prestation, Murnau a promis de livrer son actrice vedette, Greta. Celle-ci arrive sur les lieux. Schreck devient de plus en plus impatient et Murnau doit sans cesse ren\u00e9gocier pour esp\u00e9rer finir son film. Un soir, Murnau, drogu\u00e9, avoue tout \u00e0 son producteur. Celui-ci essaie de pi\u00e9ger Schreck en faisant entrer la lumi\u00e8re du jour \u00e0 la fin de sa derni\u00e8re sc\u00e8ne, pour le tuer. Mais le vampire d\u00e9joue le tour, et, furieux, tue l'actrice, le producteur et le nouvel op\u00e9rateur. Fascin\u00e9, Murnau tourne. Des techniciens arrivent alors \u00e0 ouvrir une porte. Le soleil entre, Schreck meurt. Inconscient du drame, Murnau demande le \"cut\".\n\n\nPremi\u00e8re mise \u00e0 disposition : 15/05/2000\nDate de sortie en salle : 29/11/2000\nDate de sortie en salle : 29/12/2000\nDate de copyright : 2000\nDate de tournage : 18/04/1999\n",
    "rebonds": "",
    "rebondids": [],
    "other_works_expressions": null
}