{
    "xml": "<marc:record xmlns:marc=\"http://www.loc.gov/MARC21/slim\">\n    <marc:leader>01029nx  f2200217   4500</marc:leader>\n    <marc:controlfield tag=\"001\">UMLRM0181</marc:controlfield>\n    <marc:datafield tag=\"100\" ind1=\" \" ind2=\" \">\n      <marc:subfield code=\"a\">20221104afrey50      ba0</marc:subfield>\n    </marc:datafield>\n    <marc:datafield tag=\"101\" ind1=\"1\" ind2=\" \">\n      <marc:subfield code=\"a\">fre</marc:subfield>\n      <marc:subfield code=\"c\">eng</marc:subfield>\n    </marc:datafield>\n    <marc:datafield tag=\"102\" ind1=\" \" ind2=\" \">\n      <marc:subfield code=\"a\">FR</marc:subfield>\n    </marc:datafield>\n    <marc:datafield tag=\"104\" ind1=\" \" ind2=\" \">\n      <marc:subfield code=\"a\">d1969</marc:subfield>\n    </marc:datafield>\n    <marc:datafield tag=\"105\" ind1=\" \" ind2=\" \">\n      <marc:subfield code=\"a\">ba</marc:subfield>\n    </marc:datafield>\n    <marc:datafield tag=\"145\" ind1=\"0\" ind2=\" \">\n      <marc:subfield code=\"a\">b</marc:subfield>\n      <marc:subfield code=\"b\">xa2ae</marc:subfield>\n    </marc:datafield>\n    <marc:datafield tag=\"147\" ind1=\"0\" ind2=\" \">\n      <marc:subfield code=\"a\">g</marc:subfield>\n      <marc:subfield code=\"e\">c</marc:subfield>\n      <marc:subfield code=\"g\">d</marc:subfield>\n      <marc:subfield code=\"h\">a</marc:subfield>\n    </marc:datafield>\n    <marc:datafield tag=\"152\" ind1=\" \" ind2=\" \">\n      <marc:subfield code=\"a\">RDA-FR</marc:subfield>\n    </marc:datafield>\n    <marc:datafield tag=\"154\" ind1=\" \" ind2=\" \">\n      <marc:subfield code=\"a\">xb</marc:subfield>\n    </marc:datafield>\n    <marc:datafield tag=\"232\" ind1=\" \" ind2=\" \">\n      <marc:subfield code=\"3\">UMLRM0105</marc:subfield>\n      <marc:subfield code=\"7\">ba0yba0y</marc:subfield>\n      <marc:subfield code=\"8\">fre</marc:subfield>\n      <marc:subfield code=\"a\">Dracula has risen from the grave</marc:subfield>\n      <marc:subfield code=\"c\">film</marc:subfield>\n      <marc:subfield code=\"m\">Fran&#231;ais</marc:subfield>\n    </marc:datafield>\n    <marc:datafield tag=\"371\" ind1=\" \" ind2=\" \">\n      <marc:subfield code=\"f\">Version doubl&#233;e en fran&#231;ais</marc:subfield>\n    </marc:datafield>\n    <marc:datafield tag=\"640\" ind1=\"6\" ind2=\" \">\n      <marc:subfield code=\"a\">FR</marc:subfield>\n      <marc:subfield code=\"f\">#19690606#</marc:subfield>\n    </marc:datafield>\n    <marc:datafield tag=\"801\" ind1=\" \" ind2=\" \">\n      <marc:subfield code=\"a\">FR</marc:subfield>\n      <marc:subfield code=\"b\">FR-751131015</marc:subfield>\n      <marc:subfield code=\"c\">20221104</marc:subfield>\n    </marc:datafield>\n    <marc:datafield tag=\"810\" ind1=\" \" ind2=\" \">\n      <marc:subfield code=\"a\">IMDB (Internet movie database) : https://www.imdb.com/title/tt0062909 (2022-11-04)</marc:subfield>\n      <marc:subfield code=\"b\">Date de sortie du film en France</marc:subfield>\n    </marc:datafield>\n    <marc:datafield tag=\"810\" ind1=\" \" ind2=\" \">\n      <marc:subfield code=\"a\">Dracula et les femmes = Dracula has risen from the grave&#8206; / avec Christopher Lee, Rupert Davies ; [r&#233;alisation Freddie Francis] ; [sc&#233;nario de John Elder d&#8217;apr&#232;s l&#8217;&#339;uvre de Bram Stoker] ; [musique de James Bernard] ; une production Hammer film. &#8211; [Paris] : Warner home video France [&#233;diteur] ; Paris : Warner home video France [distributeur], DL 1985. &#8211; [Image anim&#233;e : video]</marc:subfield>\n    </marc:datafield>\n  </marc:record>\n  ",
    "init_type": "oe",
    "id": "UMLRM0181",
    "txt": "\n000    01029nx  f2200217   4500\n001    UMLRM0181\n100    $a 20221104afrey50      ba0\n101 1  $a fre $c eng\n102    $a FR\n104    $a d1969\n105    $a ba\n145 0  $a b $b xa2ae\n147 0  $a g $e c $g d $h a\n152    $a RDA-FR\n154    $a xb\n232    $3 UMLRM0105 $7 ba0yba0y $8 fre $a Dracula has risen from the grave $c film $m Fran\u00e7ais\n371    $f Version doubl\u00e9e en fran\u00e7ais\n640 6  $a FR $f #19690606#\n801    $a FR $b FR-751131015 $c 20221104\n810    $a IMDB (Internet movie database) : https://www.imdb.com/title/tt0062909 (2022-11-04) $b Date de sortie du film en France\n810    $a Dracula et les femmes = Dracula has risen from the grave\u200e / avec Christopher Lee, Rupert Davies ; [r\u00e9alisation Freddie Francis] ; [sc\u00e9nario de John Elder d\u2019apr\u00e8s l\u2019\u0153uvre de Bram Stoker] ; [musique de James Bernard] ; une production Hammer film. \u2013 [Paris] : Warner home video France [\u00e9diteur] ; Paris : Warner home video France [distributeur], DL 1985. \u2013 [Image anim\u00e9e : video]",
    "self_index": [
        "dracula has risen from the grave",
        "imdb internet movie database https www imdb com title tt0062909 2022 11 04 $?dracula et les femmes dracula has risen from the grave avec christopher lee rupert davies realisation freddie francis scenario de john elder d'apres l'oeuvre de bram stoker musique de james bernard une production hammer film paris warner home video france editeur paris warner home video france distributeur dl 1985 image animee video",
        "dracula has risen from the grave",
        "imdb internet movie database https www imdb com title tt0062909 2022 11 04 $?dracula et les femmes dracula has risen from the grave avec christopher lee rupert davies realisation freddie francis scenario de john elder d'apres l'oeuvre de bram stoker musique de james bernard une production hammer film paris warner home video france editeur paris warner home video france distributeur dl 1985 image animee video"
    ],
    "linked_entities_index": [
        "dracula has risen from the grave film francais",
        "dracula et les femmes dracula has risen from the grave avec christopher lee rupert davies realisation freddie francis scenario de john elder d'apres l'oeuvre de bram stoker musique de james bernard une production hammer film eng",
        "paris warner home video france dl 1985$? paris warner home video france",
        "dracula et les femmes dracula has risen from the grave avec christopher lee rupert davies realisation freddie francis scenario de john elder d'apres l'oeuvre de bram stoker musique de james bernard une production hammer film eng",
        "paris warner home video france dl 1985$? paris warner home video france",
        "https data bnf fr ark 12148 cb16472893n$?https www wikidata org wiki q1254472",
        "0000 0004 7ca4 0000 0000 0000",
        "dracula has risen from the grave",
        "quatrieme film de la serie dracula produite par la societe hammer film productions"
    ],
    "resp_index": [],
    "linked_resp_index": [
        "warner home video france",
        "francis freddie 1917 2007",
        "elder john",
        "bernard james",
        "lee christopher",
        "davies rupert",
        "carlson veronica",
        "hammer film productions"
    ],
    "global_index": "dracula has risen from the grave quatrieme film de la serie dracula produite par la societe hammer film productions dracula et les femmes dracula has risen from the grave avec christopher lee rupert davies realisation freddie francis scenario de john elder d'apres l'oeuvre de bram stoker musique de james bernard une production hammer film eng imdb internet movie database https www imdb com title tt0062909 2022 11 04 $?dracula et les femmes dracula has risen from the grave avec christopher lee rupert davies realisation freddie francis scenario de john elder d'apres l'oeuvre de bram stoker musique de james bernard une production hammer film paris warner home video france editeur paris warner home video france distributeur dl 1985 image animee video warner home video france https data bnf fr ark 12148 cb16472893n$?https www wikidata org wiki q1254472 lee christopher hammer film productions paris warner home video france dl 1985$? paris warner home video france bernard james carlson veronica 0000 0004 7ca4 0000 0000 0000 davies rupert elder john dracula has risen from the grave film francais francis freddie 1917 2007",
    "type": "e",
    "label": "Dracula has risen from the grave, film, Fran\u00e7ais",
    "label_html": "Dracula has risen from the grave <img src='icons/film.png' alt='[film]' title='film'/> Fran\u00e7ais",
    "splitted_label": "Dracula has risen\nfrom the grave,\nfilm, Fran\u00e7ais",
    "stats_zones": {
        "001": 1,
        "100": 1,
        "101": 1,
        "102": 1,
        "104": 1,
        "105": 1,
        "145": 1,
        "147": 1,
        "152": 1,
        "154": 1,
        "232": 1,
        "371": 1,
        "640": 1,
        "801": 1,
        "810": 2
    },
    "resp": {},
    "respIds": [],
    "toOeuvres": {
        "UMLRM0105": "Dracula has risen from the grave, film"
    },
    "toExpressions": {},
    "toManifs": {
        "UMLRM0182": "Dracula et les femmes, avec Christopher Lee, Rupert Davies, Warner home video France - Warner home video France, DL 1985, 1 cassette vide\u0301o, VHS, SECAM"
    },
    "manifsYears": [
        1985
    ],
    "toItems": {},
    "other_expressions": {
        "UMLRM0106": "Dracula has risen from the grave, film, Anglais [Dracula has risen from the grave, film]",
        "UMLRM0005": "Stoker, Bram (1847-1912), Dracula, Anglais, Texte not\u00e9 [Stoker, Bram (1847-1912), Dracula]",
        "UMLRM0020": "Stoker, Bram (1847-1912), Dracula, Fran\u00e7ais, Molitor, Texte not\u00e9 [Stoker, Bram (1847-1912), Dracula]",
        "UMLRM0041": "Stoker, Bram (1847-1912), Dracula, Fran\u00e7ais, Sirgent, Texte not\u00e9 [Stoker, Bram (1847-1912), Dracula]",
        "UMLRM0050": "Stoker, Bram (1847-1912), Dracula, Fran\u00e7ais, Finn\u00e9, Texte not\u00e9 [Stoker, Bram (1847-1912), Dracula]",
        "UMLRM0053": "Stoker, Bram (1847-1912), Dracula, Fran\u00e7ais, Chicheportiche, Texte not\u00e9 [Stoker, Bram (1847-1912), Dracula]",
        "UMLRM0056": "Stoker, Bram (1847-1912), Dracula, Fran\u00e7ais, Paul-Margueritte, Texte not\u00e9 [Stoker, Bram (1847-1912), Dracula]",
        "UMLRM0059": "Stoker, Bram (1847-1912), Dracula, Fran\u00e7ais, Paul-Margueritte, Texte not\u00e9 [Stoker, Bram (1847-1912), Dracula]",
        "UMLRM0065": "Stoker, Bram (1847-1912), Dracula, Espagnol, Texte not\u00e9 [Stoker, Bram (1847-1912), Dracula]",
        "UMLRM0068": "Stoker, Bram (1847-1912), Dracula, Fran\u00e7ais, Molitor - Moissard, Texte not\u00e9 [Stoker, Bram (1847-1912), Dracula]",
        "UMLRM0187": "Stoker, Bram (1847-1912), Dracula, Fran\u00e7ais, Parole \u00e9nonc\u00e9e [Stoker, Bram (1847-1912), Dracula]"
    },
    "repr": "id : UMLRM0181\ntype initial : oe ; type : e\nlabel : Dracula has risen from the grave, film, Fran\u00e7ais\n\nNotice : \n000    01029nx  f2200217   4500\n001    UMLRM0181\n100    $a 20221104afrey50      ba0\n101 1  $a fre $c eng\n102    $a FR\n104    $a d1969\n105    $a ba\n145 0  $a b $b xa2ae\n147 0  $a g $e c $g d $h a\n152    $a RDA-FR\n154    $a xb\n232    $3 UMLRM0105 $7 ba0yba0y $8 fre $a Dracula has risen from the grave $c film $m Fran\u00e7ais\n371    $f Version doubl\u00e9e en fran\u00e7ais\n640 6  $a FR $f #19690606#\n801    $a FR $b FR-751131015 $c 20221104\n810    $a IMDB (Internet movie database) : https://www.imdb.com/title/tt0062909 (2022-11-04) $b Date de sortie du film en France\n810    $a Dracula et les femmes = Dracula has risen from the grave\u200e / avec Christopher Lee, Rupert Davies ; [r\u00e9alisation Freddie Francis] ; [sc\u00e9nario de John Elder d\u2019apr\u00e8s l\u2019\u0153uvre de Bram Stoker] ; [musique de James Bernard] ; une production Hammer film. \u2013 [Paris] : Warner home video France [\u00e9diteur] ; Paris : Warner home video France [distributeur], DL 1985. \u2013 [Image anim\u00e9e : video] \n\nXML : <Element {http://www.loc.gov/MARC21/slim}record at 0x257c06e6080>\nIndexation : dracula has risen from the grave imdb internet movie database https www imdb com title tt0062909 2022 11 04 $?dracula et les femmes dracula has risen from the grave avec christopher lee rupert davies realisation freddie francis scenario de john elder d'apres l'oeuvre de bram stoker musique de james bernard une production hammer film paris warner home video france editeur paris warner home video france distributeur dl 1985 image animee video",
    "lang": [
        "fre"
    ],
    "expressionContentType": "film",
    "exprContentType": "film",
    "exprResp": [],
    "detailed": "Description : Version doubl\u00e9e en fran\u00e7ais\n\n\n : 06/06/1969",
    "detailed_sup": "Description : Quatri\u00e8me film de la s\u00e9rie \"Dracula\" produite par la soci\u00e9t\u00e9 Hammer Film Productions.\n\n\nTournage : 22/04/1968 (Londres)\n : 07/11/1968\n : 06/06/1969\n",
    "rebonds": "",
    "rebondids": [],
    "other_works_expressions": null
}