{
    "xml": "<marc:record xmlns:marc=\"http://www.loc.gov/MARC21/slim\">\n    <marc:leader>00746cx  h2200205   4500</marc:leader>\n    <marc:controlfield tag=\"001\">UMLRM0112</marc:controlfield>\n    <marc:controlfield tag=\"005\">20220920######.D</marc:controlfield>\n    <marc:datafield tag=\"100\" ind1=\" \" ind2=\" \">\n      <marc:subfield code=\"a\">20220920afrey50      ba0</marc:subfield>\n    </marc:datafield>\n    <marc:datafield tag=\"101\" ind1=\"0\" ind2=\" \">\n      <marc:subfield code=\"a\">eng</marc:subfield>\n    </marc:datafield>\n    <marc:datafield tag=\"102\" ind1=\" \" ind2=\" \">\n      <marc:subfield code=\"a\">GB</marc:subfield>\n    </marc:datafield>\n    <marc:datafield tag=\"104\" ind1=\" \" ind2=\" \">\n      <marc:subfield code=\"a\">d2009</marc:subfield>\n    </marc:datafield>\n    <marc:datafield tag=\"105\" ind1=\" \" ind2=\" \">\n      <marc:subfield code=\"a\">ba</marc:subfield>\n    </marc:datafield>\n    <marc:datafield tag=\"145\" ind1=\"0\" ind2=\" \">\n      <marc:subfield code=\"a\">i</marc:subfield>\n      <marc:subfield code=\"b\">axxe</marc:subfield>\n    </marc:datafield>\n    <marc:datafield tag=\"152\" ind1=\" \" ind2=\" \">\n      <marc:subfield code=\"a\">RDA-FR</marc:subfield>\n    </marc:datafield>\n    <marc:datafield tag=\"154\" ind1=\" \" ind2=\" \">\n      <marc:subfield code=\"a\">xb</marc:subfield>\n    </marc:datafield>\n    <marc:datafield tag=\"242\" ind1=\" \" ind2=\"1\">\n      <marc:subfield code=\"3\">UMLRM0111</marc:subfield>\n      <marc:subfield code=\"7\">ba0yba0y</marc:subfield>\n      <marc:subfield code=\"8\">freeng</marc:subfield>\n      <marc:subfield code=\"a\">Hughes, William (1964-....)</marc:subfield>\n      <marc:subfield code=\"t\">Bram Stoker&#8217;s Dracula : a reader&#8217;s guide</marc:subfield>\n      <marc:subfield code=\"m\">Anglais</marc:subfield>\n      <marc:subfield code=\"n\">Texte not&#233;</marc:subfield>\n    </marc:datafield>\n    <marc:datafield tag=\"640\" ind1=\"6\" ind2=\" \">\n      <marc:subfield code=\"0\">Date de premi&#232;re publication</marc:subfield>\n      <marc:subfield code=\"f\">#2009#####</marc:subfield>\n    </marc:datafield>\n    <marc:datafield tag=\"640\" ind1=\"0\" ind2=\" \">\n      <marc:subfield code=\"0\">Date de copyright</marc:subfield>\n      <marc:subfield code=\"f\">#2009#####</marc:subfield>\n    </marc:datafield>\n    <marc:datafield tag=\"801\" ind1=\" \" ind2=\"0\">\n      <marc:subfield code=\"a\">FR</marc:subfield>\n      <marc:subfield code=\"b\">FR-751045101</marc:subfield>\n      <marc:subfield code=\"c\">20220920</marc:subfield>\n    </marc:datafield>\n    <marc:datafield tag=\"810\" ind1=\" \" ind2=\" \">\n      <marc:subfield code=\"a\">Bram Stoker&#8217;s Dracula : a reader&#8217;s guide / Willam Hughes. &#8211; London ; New York : Continuum, cop. 2009. &#8211; [Texte not&#233; : sans m&#233;diation]. &#8211; ISBN 9780826495365</marc:subfield>\n    </marc:datafield>\n  </marc:record>\n  ",
    "init_type": "oe",
    "id": "UMLRM0112",
    "txt": "\n000    00746cx  h2200205   4500\n001    UMLRM0112\n005    20220920######.D\n100    $a 20220920afrey50      ba0\n101 0  $a eng\n102    $a GB\n104    $a d2009\n105    $a ba\n145 0  $a i $b axxe\n152    $a RDA-FR\n154    $a xb\n242  1 $3 UMLRM0111 $7 ba0yba0y $8 freeng $a Hughes, William (1964-....) $t Bram Stoker\u2019s Dracula : a reader\u2019s guide $m Anglais $n Texte not\u00e9\n640 6  $0 Date de premi\u00e8re publication $f #2009#####\n640 0  $0 Date de copyright $f #2009#####\n801  0 $a FR $b FR-751045101 $c 20220920\n810    $a Bram Stoker\u2019s Dracula : a reader\u2019s guide / Willam Hughes. \u2013 London ; New York : Continuum, cop. 2009. \u2013 [Texte not\u00e9 : sans m\u00e9diation]. \u2013 ISBN 9780826495365",
    "self_index": [
        "hughes william 1964 bram stoker's dracula reader's guide",
        "bram stoker's dracula reader's guide willam hughes london new york continuum cop 2009 texte note sans mediation isbn 9780826495365",
        "hughes william 1964 bram stoker's dracula reader's guide",
        "bram stoker's dracula reader's guide willam hughes london new york continuum cop 2009 texte note sans mediation isbn 9780826495365"
    ],
    "linked_entities_index": [
        "hughes william 1964 bram stoker's dracula reader's guide anglais texte note",
        "bram stoker's dracula reader's guide william hughes",
        "london$?new york continuum copyright 2009",
        "continuum reader's guide",
        "bram stoker's dracula reader's guide william hughes",
        "london$?new york continuum copyright 2009",
        "continuum reader's guide",
        "bibliographie pages $?index"
    ],
    "resp_index": [],
    "linked_resp_index": [
        "hughes william"
    ],
    "global_index": "bram stoker's dracula reader's guide william hughes hughes william 1964 bram stoker's dracula reader's guide continuum reader's guide bram stoker's dracula reader's guide willam hughes london new york continuum cop 2009 texte note sans mediation isbn 9780826495365 london$?new york continuum copyright 2009 bibliographie pages $?index hughes william 1964 bram stoker's dracula reader's guide anglais texte note hughes william",
    "type": "e",
    "label": "Hughes, William (1964-....), Bram Stoker\u2019s Dracula : a reader\u2019s guide, Anglais, Texte not\u00e9",
    "label_html": "Hughes, William (1964-....), Bram Stoker\u2019s Dracula : a reader\u2019s guide, Anglais <img src='icons/Texte not\u00e9.png' alt='[Texte not\u00e9]' title='Texte not\u00e9'/>",
    "splitted_label": "Hughes, William\n(1964-....), Bram\nStoker\u2019s Dracula : a\nreader\u2019s guide,\nAnglais, Texte not\u00e9",
    "stats_zones": {
        "001": 1,
        "005": 1,
        "100": 1,
        "101": 1,
        "102": 1,
        "104": 1,
        "105": 1,
        "145": 1,
        "152": 1,
        "154": 1,
        "242": 1,
        "640": 2,
        "801": 1,
        "810": 1
    },
    "resp": {},
    "respIds": [],
    "toOeuvres": {
        "UMLRM0111": "Hughes, William (1964-....), Bram Stoker\u2019s Dracula : a reader\u2019s guide"
    },
    "toExpressions": {},
    "toManifs": {
        "UMLRM0113": " Bram Stoker\u2019s Dracula, William Hughes, Continuum, copyright 2009, 1 volume (VII-150 pages)"
    },
    "manifsYears": [
        2009
    ],
    "toItems": {
        "UMLRM1036": "BM_CELESTEVILLE > ADULTES > COTE_UMLRM1036"
    },
    "other_expressions": {
        "UMLRM0005": "Stoker, Bram (1847-1912), Dracula, Anglais, Texte not\u00e9 [Stoker, Bram (1847-1912), Dracula]",
        "UMLRM0020": "Stoker, Bram (1847-1912), Dracula, Fran\u00e7ais, Molitor, Texte not\u00e9 [Stoker, Bram (1847-1912), Dracula]",
        "UMLRM0041": "Stoker, Bram (1847-1912), Dracula, Fran\u00e7ais, Sirgent, Texte not\u00e9 [Stoker, Bram (1847-1912), Dracula]",
        "UMLRM0050": "Stoker, Bram (1847-1912), Dracula, Fran\u00e7ais, Finn\u00e9, Texte not\u00e9 [Stoker, Bram (1847-1912), Dracula]",
        "UMLRM0053": "Stoker, Bram (1847-1912), Dracula, Fran\u00e7ais, Chicheportiche, Texte not\u00e9 [Stoker, Bram (1847-1912), Dracula]",
        "UMLRM0056": "Stoker, Bram (1847-1912), Dracula, Fran\u00e7ais, Paul-Margueritte, Texte not\u00e9 [Stoker, Bram (1847-1912), Dracula]",
        "UMLRM0059": "Stoker, Bram (1847-1912), Dracula, Fran\u00e7ais, Paul-Margueritte, Texte not\u00e9 [Stoker, Bram (1847-1912), Dracula]",
        "UMLRM0065": "Stoker, Bram (1847-1912), Dracula, Espagnol, Texte not\u00e9 [Stoker, Bram (1847-1912), Dracula]",
        "UMLRM0068": "Stoker, Bram (1847-1912), Dracula, Fran\u00e7ais, Molitor - Moissard, Texte not\u00e9 [Stoker, Bram (1847-1912), Dracula]",
        "UMLRM0187": "Stoker, Bram (1847-1912), Dracula, Fran\u00e7ais, Parole \u00e9nonc\u00e9e [Stoker, Bram (1847-1912), Dracula]"
    },
    "repr": "id : UMLRM0112\ntype initial : oe ; type : e\nlabel : Hughes, William (1964-....), Bram Stoker\u2019s Dracula : a reader\u2019s guide, Anglais, Texte not\u00e9\n\nNotice : \n000    00746cx  h2200205   4500\n001    UMLRM0112\n005    20220920######.D\n100    $a 20220920afrey50      ba0\n101 0  $a eng\n102    $a GB\n104    $a d2009\n105    $a ba\n145 0  $a i $b axxe\n152    $a RDA-FR\n154    $a xb\n242  1 $3 UMLRM0111 $7 ba0yba0y $8 freeng $a Hughes, William (1964-....) $t Bram Stoker\u2019s Dracula : a reader\u2019s guide $m Anglais $n Texte not\u00e9\n640 6  $0 Date de premi\u00e8re publication $f #2009#####\n640 0  $0 Date de copyright $f #2009#####\n801  0 $a FR $b FR-751045101 $c 20220920\n810    $a Bram Stoker\u2019s Dracula : a reader\u2019s guide / Willam Hughes. \u2013 London ; New York : Continuum, cop. 2009. \u2013 [Texte not\u00e9 : sans m\u00e9diation]. \u2013 ISBN 9780826495365 \n\nXML : <Element {http://www.loc.gov/MARC21/slim}record at 0x257c06e5440>\nIndexation : hughes william 1964 bram stoker's dracula reader's guide bram stoker's dracula reader's guide willam hughes london new york continuum cop 2009 texte note sans mediation isbn 9780826495365",
    "lang": [
        "eng"
    ],
    "expressionContentType": "Texte not\u00e9",
    "exprContentType": "Texte not\u00e9",
    "exprResp": [],
    "detailed": "\n\nDate de premi\u00e8re publication : 2009\nDate de copyright : 2009",
    "detailed_sup": "Description : Bibliographie (5 pages). Index\n\n\nDate de premi\u00e8re publication : 2009\n",
    "rebonds": "",
    "rebondids": [],
    "other_works_expressions": null
}