{
    "xml": "<marc:record xmlns:marc=\"http://www.loc.gov/MARC21/slim\">\n    <marc:leader>00753cx  h2200241   4500</marc:leader>\n    <marc:controlfield tag=\"001\">UMLRM0133</marc:controlfield>\n    <marc:controlfield tag=\"005\">20221005140223.0</marc:controlfield>\n    <marc:datafield tag=\"100\" ind1=\" \" ind2=\" \">\n      <marc:subfield code=\"a\">20221005afrey50      ba0</marc:subfield>\n    </marc:datafield>\n    <marc:datafield tag=\"101\" ind1=\"0\" ind2=\" \">\n      <marc:subfield code=\"a\">ger</marc:subfield>\n    </marc:datafield>\n    <marc:datafield tag=\"102\" ind1=\" \" ind2=\" \">\n      <marc:subfield code=\"a\">DE</marc:subfield>\n    </marc:datafield>\n    <marc:datafield tag=\"104\" ind1=\" \" ind2=\" \">\n      <marc:subfield code=\"a\">d2009</marc:subfield>\n    </marc:datafield>\n    <marc:datafield tag=\"105\" ind1=\" \" ind2=\" \">\n      <marc:subfield code=\"a\">ba</marc:subfield>\n    </marc:datafield>\n    <marc:datafield tag=\"145\" ind1=\"0\" ind2=\" \">\n      <marc:subfield code=\"a\">i</marc:subfield>\n      <marc:subfield code=\"b\">axxe</marc:subfield>\n    </marc:datafield>\n    <marc:datafield tag=\"145\" ind1=\"0\" ind2=\" \">\n      <marc:subfield code=\"a\">b1</marc:subfield>\n      <marc:subfield code=\"b\">xb2e</marc:subfield>\n    </marc:datafield>\n    <marc:datafield tag=\"145\" ind1=\"0\" ind2=\" \">\n      <marc:subfield code=\"c\">txt</marc:subfield>\n      <marc:subfield code=\"2\">rdacontent</marc:subfield>\n    </marc:datafield>\n    <marc:datafield tag=\"145\" ind1=\"0\" ind2=\" \">\n      <marc:subfield code=\"c\">sti</marc:subfield>\n      <marc:subfield code=\"2\">rdacontent</marc:subfield>\n    </marc:datafield>\n    <marc:datafield tag=\"147\" ind1=\"0\" ind2=\" \">\n      <marc:subfield code=\"a\">a</marc:subfield>\n    </marc:datafield>\n    <marc:datafield tag=\"152\" ind1=\" \" ind2=\" \">\n      <marc:subfield code=\"a\">RDA-FR</marc:subfield>\n    </marc:datafield>\n    <marc:datafield tag=\"154\" ind1=\" \" ind2=\" \">\n      <marc:subfield code=\"a\">xb</marc:subfield>\n    </marc:datafield>\n    <marc:datafield tag=\"242\" ind1=\" \" ind2=\"1\">\n      <marc:subfield code=\"3\">UMLRM0132</marc:subfield>\n      <marc:subfield code=\"7\">ba0yba0y</marc:subfield>\n      <marc:subfield code=\"8\">freger</marc:subfield>\n      <marc:subfield code=\"a\">Eickhoff, Stefan</marc:subfield>\n      <marc:subfield code=\"t\">Max Schreck : Gespenstertheater</marc:subfield>\n      <marc:subfield code=\"m\">Allemand</marc:subfield>\n      <marc:subfield code=\"n\">Texte not&#233;</marc:subfield>\n    </marc:datafield>\n    <marc:datafield tag=\"640\" ind1=\"0\" ind2=\" \">\n      <marc:subfield code=\"0\">Date de copyright</marc:subfield>\n      <marc:subfield code=\"f\">#2009#####</marc:subfield>\n    </marc:datafield>\n    <marc:datafield tag=\"801\" ind1=\" \" ind2=\"0\">\n      <marc:subfield code=\"a\">FR</marc:subfield>\n      <marc:subfield code=\"b\">FR-751045101</marc:subfield>\n      <marc:subfield code=\"c\">20221005</marc:subfield>\n    </marc:datafield>\n    <marc:datafield tag=\"810\" ind1=\" \" ind2=\" \">\n      <marc:subfield code=\"a\">Max Schreck : Gespenstertheater / Stefan Eickhoff. &#8211; M&#252;nchen : Belleville, cop. 2009. &#8211; [Texte not&#233; : sans m&#233;diation]. &#8211; ISBN 9783936298543</marc:subfield>\n    </marc:datafield>\n  </marc:record>\n  ",
    "init_type": "oe",
    "id": "UMLRM0133",
    "txt": "\n000    00753cx  h2200241   4500\n001    UMLRM0133\n005    20221005140223.0\n100    $a 20221005afrey50      ba0\n101 0  $a ger\n102    $a DE\n104    $a d2009\n105    $a ba\n145 0  $a i $b axxe\n145 0  $a b1 $b xb2e\n145 0  $c txt $2 rdacontent\n145 0  $c sti $2 rdacontent\n147 0  $a a\n152    $a RDA-FR\n154    $a xb\n242  1 $3 UMLRM0132 $7 ba0yba0y $8 freger $a Eickhoff, Stefan $t Max Schreck : Gespenstertheater $m Allemand $n Texte not\u00e9\n640 0  $0 Date de copyright $f #2009#####\n801  0 $a FR $b FR-751045101 $c 20221005\n810    $a Max Schreck : Gespenstertheater / Stefan Eickhoff. \u2013 M\u00fcnchen : Belleville, cop. 2009. \u2013 [Texte not\u00e9 : sans m\u00e9diation]. \u2013 ISBN 9783936298543",
    "self_index": [
        "eickhoff stefan max schreck gespenstertheater",
        "max schreck gespenstertheater stefan eickhoff munchen belleville cop 2009 texte note sans mediation isbn 9783936298543",
        "eickhoff stefan max schreck gespenstertheater",
        "max schreck gespenstertheater stefan eickhoff munchen belleville cop 2009 texte note sans mediation isbn 9783936298543"
    ],
    "linked_entities_index": [
        "eickhoff stefan max schreck gespenstertheater allemand texte note",
        "max schreck gespenstertheater stefan eickhoff",
        "munchen belleville copyright 2009",
        "max schreck gespenstertheater stefan eickhoff",
        "munchen belleville copyright 2009",
        "illustrations 60 pages environ $?bibliographie pages $?index"
    ],
    "resp_index": [],
    "linked_resp_index": [
        "eickhoff stefan"
    ],
    "global_index": "eickhoff stefan max schreck gespenstertheater munchen belleville copyright 2009 illustrations 60 pages environ $?bibliographie pages $?index max schreck gespenstertheater stefan eickhoff eickhoff stefan max schreck gespenstertheater allemand texte note max schreck gespenstertheater stefan eickhoff munchen belleville cop 2009 texte note sans mediation isbn 9783936298543 eickhoff stefan",
    "type": "e",
    "label": "Eickhoff, Stefan, Max Schreck : Gespenstertheater, Allemand, Texte not\u00e9",
    "label_html": "Eickhoff, Stefan, Max Schreck : Gespenstertheater, Allemand <img src='icons/Texte not\u00e9.png' alt='[Texte not\u00e9]' title='Texte not\u00e9'/>",
    "splitted_label": "Eickhoff, Stefan,\nMax Schreck :\nGespenstertheater,\nAllemand, Texte not\u00e9",
    "stats_zones": {
        "001": 1,
        "005": 1,
        "100": 1,
        "101": 1,
        "102": 1,
        "104": 1,
        "105": 1,
        "145": 4,
        "147": 1,
        "152": 1,
        "154": 1,
        "242": 1,
        "640": 1,
        "801": 1,
        "810": 1
    },
    "resp": {},
    "respIds": [],
    "toOeuvres": {
        "UMLRM0132": "Eickhoff, Stefan, Max Schreck : Gespenstertheater"
    },
    "toExpressions": {},
    "toManifs": {
        "UMLRM0134": "Max Schreck, Stefan Eickhoff, Belleville, Copyright 2009, 1 volume. (575 pages), couverture illustr\u00e9e"
    },
    "manifsYears": [
        2009
    ],
    "toItems": {
        "UMLRM1043": "BM_CELESTEVILLE > ADULTES > COTE_UMLRM1043"
    },
    "other_expressions": {},
    "repr": "id : UMLRM0133\ntype initial : oe ; type : e\nlabel : Eickhoff, Stefan, Max Schreck : Gespenstertheater, Allemand, Texte not\u00e9\n\nNotice : \n000    00753cx  h2200241   4500\n001    UMLRM0133\n005    20221005140223.0\n100    $a 20221005afrey50      ba0\n101 0  $a ger\n102    $a DE\n104    $a d2009\n105    $a ba\n145 0  $a i $b axxe\n145 0  $a b1 $b xb2e\n145 0  $c txt $2 rdacontent\n145 0  $c sti $2 rdacontent\n147 0  $a a\n152    $a RDA-FR\n154    $a xb\n242  1 $3 UMLRM0132 $7 ba0yba0y $8 freger $a Eickhoff, Stefan $t Max Schreck : Gespenstertheater $m Allemand $n Texte not\u00e9\n640 0  $0 Date de copyright $f #2009#####\n801  0 $a FR $b FR-751045101 $c 20221005\n810    $a Max Schreck : Gespenstertheater / Stefan Eickhoff. \u2013 M\u00fcnchen : Belleville, cop. 2009. \u2013 [Texte not\u00e9 : sans m\u00e9diation]. \u2013 ISBN 9783936298543 \n\nXML : <Element {http://www.loc.gov/MARC21/slim}record at 0x257c06e5740>\nIndexation : eickhoff stefan max schreck gespenstertheater max schreck gespenstertheater stefan eickhoff munchen belleville cop 2009 texte note sans mediation isbn 9783936298543",
    "lang": [
        "ger"
    ],
    "expressionContentType": "Texte not\u00e9",
    "exprContentType": "Texte not\u00e9",
    "exprResp": [],
    "detailed": "\n\nDate de copyright : 2009",
    "detailed_sup": "Description : Illustrations (60 pages environ). Bibliographie (4 pages). Index\n\n\nDate de copyright : 2009\n",
    "rebonds": "",
    "rebondids": [],
    "other_works_expressions": null
}