{
    "xml": "<marc:record xmlns:marc=\"http://www.loc.gov/MARC21/slim\">\n    <marc:leader>00857cx  f2200217   4500</marc:leader>\n    <marc:controlfield tag=\"001\">UMLRM0008</marc:controlfield>\n    <marc:controlfield tag=\"005\">20220725112526</marc:controlfield>\n    <marc:datafield tag=\"100\" ind1=\" \" ind2=\" \">\n      <marc:subfield code=\"a\">20220721afrey50      ba0</marc:subfield>\n    </marc:datafield>\n    <marc:datafield tag=\"101\" ind1=\"1\" ind2=\" \">\n      <marc:subfield code=\"a\">fre</marc:subfield>\n      <marc:subfield code=\"c\">ger</marc:subfield>\n      <marc:subfield code=\"j\">fre</marc:subfield>\n    </marc:datafield>\n    <marc:datafield tag=\"102\" ind1=\" \" ind2=\" \">\n      <marc:subfield code=\"a\"> FR</marc:subfield>\n    </marc:datafield>\n    <marc:datafield tag=\"104\" ind1=\" \" ind2=\" \">\n      <marc:subfield code=\"a\">d1979</marc:subfield>\n    </marc:datafield>\n    <marc:datafield tag=\"105\" ind1=\" \" ind2=\" \">\n      <marc:subfield code=\"a\">ba</marc:subfield>\n    </marc:datafield>\n    <marc:datafield tag=\"145\" ind1=\" \" ind2=\" \">\n      <marc:subfield code=\"a\">b</marc:subfield>\n      <marc:subfield code=\"b\">xa2ae</marc:subfield>\n    </marc:datafield>\n    <marc:datafield tag=\"147\" ind1=\"1\" ind2=\" \">\n      <marc:subfield code=\"a\">g</marc:subfield>\n      <marc:subfield code=\"e\">c</marc:subfield>\n      <marc:subfield code=\"h\">c</marc:subfield>\n    </marc:datafield>\n    <marc:datafield tag=\"152\" ind1=\" \" ind2=\" \">\n      <marc:subfield code=\"a\"> RDA-FR</marc:subfield>\n    </marc:datafield>\n    <marc:datafield tag=\"154\" ind1=\" \" ind2=\" \">\n      <marc:subfield code=\"a\">xb</marc:subfield>\n    </marc:datafield>\n    <marc:datafield tag=\"232\" ind1=\" \" ind2=\" \">\n      <marc:subfield code=\"3\">UMLRM0007</marc:subfield>\n      <marc:subfield code=\"7\">ba0yba0y</marc:subfield>\n      <marc:subfield code=\"8\">freger</marc:subfield>\n      <marc:subfield code=\"a\">Nosferatu, Phantom der Nacht</marc:subfield>\n      <marc:subfield code=\"c\">film</marc:subfield>\n      <marc:subfield code=\"m\">franc&#807;ais</marc:subfield>\n    </marc:datafield>\n    <marc:datafield tag=\"371\" ind1=\" \" ind2=\" \">\n      <marc:subfield code=\"a\">Surround</marc:subfield>\n      <marc:subfield code=\"c\">Sous-titrage en fran&#231;ais pour malentendants</marc:subfield>\n    </marc:datafield>\n    <marc:datafield tag=\"432\" ind1=\" \" ind2=\" \">\n      <marc:subfield code=\"7\">ba0yba0y</marc:subfield>\n      <marc:subfield code=\"8\">frefre</marc:subfield>\n      <marc:subfield code=\"a\">Nosferatu, fanto&#770;me de la nuit</marc:subfield>\n      <marc:subfield code=\"c\">film</marc:subfield>\n      <marc:subfield code=\"m\">franc&#807;ais</marc:subfield>\n    </marc:datafield>\n    <marc:datafield tag=\"801\" ind1=\" \" ind2=\"0\">\n      <marc:subfield code=\"a\">FR</marc:subfield>\n      <marc:subfield code=\"b\">751043001</marc:subfield>\n      <marc:subfield code=\"c\">20220725</marc:subfield>\n    </marc:datafield>\n    <marc:datafield tag=\"810\" ind1=\" \" ind2=\" \">\n      <marc:subfield code=\"a\">Nosferatu fant&#244;me de la nuit / un film de Werner Herzog ; Isabelle Adjani, Klaus Kinski, [Bruno Ganz... [et autres, acteurs ; musique de Florian Fricke, Popol Vuh]. - [Neuilly-sur-Seine] : Gaumont vid&#233;o, [DL 2010]. &#8211; [Images anim&#233;es : vid&#233;o]</marc:subfield>\n    </marc:datafield>\n  </marc:record>\n  ",
    "init_type": "oe",
    "id": "UMLRM0008",
    "txt": "\n000    00857cx  f2200217   4500\n001    UMLRM0008\n005    20220725112526\n100    $a 20220721afrey50      ba0\n101 1  $a fre $c ger $j fre\n102    $a  FR\n104    $a d1979\n105    $a ba\n145    $a b $b xa2ae\n147 1  $a g $e c $h c\n152    $a  RDA-FR\n154    $a xb\n232    $3 UMLRM0007 $7 ba0yba0y $8 freger $a Nosferatu, Phantom der Nacht $c film $m franc\u0327ais\n371    $a Surround $c Sous-titrage en fran\u00e7ais pour malentendants\n432    $7 ba0yba0y $8 frefre $a Nosferatu, fanto\u0302me de la nuit $c film $m franc\u0327ais\n801  0 $a FR $b 751043001 $c 20220725\n810    $a Nosferatu fant\u00f4me de la nuit / un film de Werner Herzog ; Isabelle Adjani, Klaus Kinski, [Bruno Ganz... [et autres, acteurs ; musique de Florian Fricke, Popol Vuh]. - [Neuilly-sur-Seine] : Gaumont vid\u00e9o, [DL 2010]. \u2013 [Images anim\u00e9es : vid\u00e9o]",
    "self_index": [
        "nosferatu phantom der nacht",
        "surround",
        "nosferatu fantome de la nuit un film de werner herzog isabelle adjani klaus kinski bruno ganz et autres acteurs musique de florian fricke popol vuh neuilly sur seine gaumont video dl 2010 images animees video",
        "nosferatu phantom der nacht",
        "surround",
        "nosferatu fantome de la nuit un film de werner herzog isabelle adjani klaus kinski bruno ganz et autres acteurs musique de florian fricke popol vuh neuilly sur seine gaumont video dl 2010 images animees video"
    ],
    "linked_entities_index": [
        "nosferatu phantom der nacht film francais",
        "nosferatu fantome de la nuit un film de werner herzog musique de popol vuh florian fricke isabelle adjani klaus kinski bruno ganz et autres acteurs",
        "neuilly sur seine gaumont video dl 2010 neuilly sur seine gaumont video",
        "contient aussi voyage au pays de indicible de dominique maillet 37 min avec les temoignages de dominique colladant harald maury anne demoulin serge moati et freddy buache klaus kinski la metamorphose 20 min par dominique colladant et reiko kruk histoire de vampire 11 min par gerard lenne bande annonce",
        "nosferatu fantome de la nuit un film de werner herzog musique de popol vuh florian fricke isabelle adjani klaus kinski bruno ganz et autres acteurs",
        "neuilly sur seine gaumont video dl 2010 neuilly sur seine gaumont video",
        "contient aussi voyage au pays de indicible de dominique maillet 37 min avec les temoignages de dominique colladant harald maury anne demoulin serge moati et freddy buache klaus kinski la metamorphose 20 min par dominique colladant et reiko kruk histoire de vampire 11 min par gerard lenne bande annonce",
        "https www wikidata org wiki q160259$?https data bnf fr ark 12148 cb145775185",
        "0000 0000 4ebb 0000 0000 0000",
        "nosferatu phantom der nacht",
        "apres le roman de bram stoker et le film de murnau",
        "au xixe siecle jonathan harker se rend dans les carpathes afin de negocier la vente une maison qu un certain comte dracula veut acquerir harker tombe rapidement sous emprise de ce dernier qui se rendra ensuite en allemagne accompagne de milliers de rats pour transmettre la peste $?une chauve souris agrippe aux rideaux de la chambre et lucy hurle de terreur le lendemain jonathan harker son fiance recoit de etrange renfield ordre de se rendre en transylvanie chez le comte dracula qui desire acquerir une maison dans la ville de wismar malgre la soudaine peur de lucy jonathan entreprend ce long periple apres etre heurte angoisse des gens de la region il rencontre le comte inquietant homme blanchatre au crane rase et aux ongles pointus le lendemain il decouvre sur son cou comme deux piqures plus tard dracula qui admire sur medaillon le long cou de lucy quitte son chateau dans son cercueil persuade que sa fiancee court un grand danger jonathan tente de le prendre de vitesse mais est un homme sans memoire rendu fou par la fievre qui parvient wismar jusque dans les bras de lucy qu il ne reconnait pas pendant ce temps un bateau sans marins ou seul le capitaine git mort attache sur le gouvernail entre dans wismar bord les rats egaient dans la ville porteurs de peste tandis que ombre gigantesque de dracula hante la maison ou lucy soigne son epoux alors que la population decouvre dans la mort toute proche une raison de vivre mieux lucy qui deja lutte avec dracula attire dans sa chambre et offre en victime expiatoire la soif du monstre les premiers rayons du soleil foudroient le vampire mais lorsque le docteur van helsing qui opposait toujours la force de la science instinct de lucy enfonce un pieu dans le coeur du comte il est arrete pour meurtre et emmene dans une prison qui existe plus alors jonathan se leve de son fauteuil il demande qu on enleve le cercle hosties consacrees que lucy avait trace pour le proteger et il elance nouveau disciple du non mort afin de repandre le mal sur terre"
    ],
    "resp_index": [],
    "linked_resp_index": [
        "maillet dominique cineaste",
        "colladant dominique",
        "kruk nishioka reiko",
        "lenne gerard",
        "herzog werner",
        "fricke florian",
        "ganz bruno",
        "kinski klaus",
        "adjani isabelle",
        "popol vuh"
    ],
    "global_index": "nosferatu fantome de la nuit un film de werner herzog isabelle adjani klaus kinski bruno ganz et autres acteurs musique de florian fricke popol vuh neuilly sur seine gaumont video dl 2010 images animees video nosferatu phantom der nacht https www wikidata org wiki q160259$?https data bnf fr ark 12148 cb145775185 kruk nishioka reiko 0000 0000 4ebb 0000 0000 0000 apres le roman de bram stoker et le film de murnau fricke florian kinski klaus herzog werner nosferatu fantome de la nuit un film de werner herzog musique de popol vuh florian fricke isabelle adjani klaus kinski bruno ganz et autres acteurs colladant dominique contient aussi voyage au pays de indicible de dominique maillet 37 min avec les temoignages de dominique colladant harald maury anne demoulin serge moati et freddy buache klaus kinski la metamorphose 20 min par dominique colladant et reiko kruk histoire de vampire 11 min par gerard lenne bande annonce au xixe siecle jonathan harker se rend dans les carpathes afin de negocier la vente une maison qu un certain comte dracula veut acquerir harker tombe rapidement sous emprise de ce dernier qui se rendra ensuite en allemagne accompagne de milliers de rats pour transmettre la peste $?une chauve souris agrippe aux rideaux de la chambre et lucy hurle de terreur le lendemain jonathan harker son fiance recoit de etrange renfield ordre de se rendre en transylvanie chez le comte dracula qui desire acquerir une maison dans la ville de wismar malgre la soudaine peur de lucy jonathan entreprend ce long periple apres etre heurte angoisse des gens de la region il rencontre le comte inquietant homme blanchatre au crane rase et aux ongles pointus le lendemain il decouvre sur son cou comme deux piqures plus tard dracula qui admire sur medaillon le long cou de lucy quitte son chateau dans son cercueil persuade que sa fiancee court un grand danger jonathan tente de le prendre de vitesse mais est un homme sans memoire rendu fou par la fievre qui parvient wismar jusque dans les bras de lucy qu il ne reconnait pas pendant ce temps un bateau sans marins ou seul le capitaine git mort attache sur le gouvernail entre dans wismar bord les rats egaient dans la ville porteurs de peste tandis que ombre gigantesque de dracula hante la maison ou lucy soigne son epoux alors que la population decouvre dans la mort toute proche une raison de vivre mieux lucy qui deja lutte avec dracula attire dans sa chambre et offre en victime expiatoire la soif du monstre les premiers rayons du soleil foudroient le vampire mais lorsque le docteur van helsing qui opposait toujours la force de la science instinct de lucy enfonce un pieu dans le coeur du comte il est arrete pour meurtre et emmene dans une prison qui existe plus alors jonathan se leve de son fauteuil il demande qu on enleve le cercle hosties consacrees que lucy avait trace pour le proteger et il elance nouveau disciple du non mort afin de repandre le mal sur terre adjani isabelle maillet dominique cineaste nosferatu phantom der nacht film francais neuilly sur seine gaumont video dl 2010 neuilly sur seine gaumont video popol vuh surround ganz bruno lenne gerard",
    "type": "e",
    "label": "Nosferatu, Phantom der Nacht, film, franc\u0327ais",
    "label_html": "Nosferatu, Phantom der Nacht <img src='icons/film.png' alt='[film]' title='film'/> franc\u0327ais",
    "splitted_label": "Nosferatu, Phantom\nder Nacht, film,\nfranc\u0327ais",
    "stats_zones": {
        "001": 1,
        "005": 1,
        "100": 1,
        "101": 1,
        "102": 1,
        "104": 1,
        "105": 1,
        "145": 1,
        "147": 1,
        "152": 1,
        "154": 1,
        "232": 1,
        "371": 1,
        "432": 1,
        "801": 1,
        "810": 1
    },
    "resp": {},
    "respIds": [],
    "toOeuvres": {
        "UMLRM0007": " Nosferatu, Phantom der Nacht, film"
    },
    "toExpressions": {},
    "toManifs": {
        "UMLRM0009": "Nosferatu, fant\u00f4me de la nuit, un film de Werner Herzog,  Gaumont vid\u00e9o -  Gaumont vid\u00e9o, [DL 2010], 1 BD vid\u00e9o"
    },
    "manifsYears": [
        2010
    ],
    "toItems": {
        "UMLRM1002": "BM_CELESTEVILLE > ADULTES > COTE_UMLRM1002"
    },
    "other_expressions": {
        "UMLRM0002": "Nosferatu, eine Symphonie des Grauens, film, Fran\u00e7ais, 60mn [Nosferatu, eine Symphonie des Grauens, film]",
        "UMLRM0005": "Stoker, Bram (1847-1912), Dracula, Anglais, Texte not\u00e9 [Stoker, Bram (1847-1912), Dracula]",
        "UMLRM0020": "Stoker, Bram (1847-1912), Dracula, Fran\u00e7ais, Molitor, Texte not\u00e9 [Stoker, Bram (1847-1912), Dracula]",
        "UMLRM0041": "Stoker, Bram (1847-1912), Dracula, Fran\u00e7ais, Sirgent, Texte not\u00e9 [Stoker, Bram (1847-1912), Dracula]",
        "UMLRM0050": "Stoker, Bram (1847-1912), Dracula, Fran\u00e7ais, Finn\u00e9, Texte not\u00e9 [Stoker, Bram (1847-1912), Dracula]",
        "UMLRM0053": "Stoker, Bram (1847-1912), Dracula, Fran\u00e7ais, Chicheportiche, Texte not\u00e9 [Stoker, Bram (1847-1912), Dracula]",
        "UMLRM0056": "Stoker, Bram (1847-1912), Dracula, Fran\u00e7ais, Paul-Margueritte, Texte not\u00e9 [Stoker, Bram (1847-1912), Dracula]",
        "UMLRM0059": "Stoker, Bram (1847-1912), Dracula, Fran\u00e7ais, Paul-Margueritte, Texte not\u00e9 [Stoker, Bram (1847-1912), Dracula]",
        "UMLRM0065": "Stoker, Bram (1847-1912), Dracula, Espagnol, Texte not\u00e9 [Stoker, Bram (1847-1912), Dracula]",
        "UMLRM0068": "Stoker, Bram (1847-1912), Dracula, Fran\u00e7ais, Molitor - Moissard, Texte not\u00e9 [Stoker, Bram (1847-1912), Dracula]",
        "UMLRM0187": "Stoker, Bram (1847-1912), Dracula, Fran\u00e7ais, Parole \u00e9nonc\u00e9e [Stoker, Bram (1847-1912), Dracula]"
    },
    "repr": "id : UMLRM0008\ntype initial : oe ; type : e\nlabel : Nosferatu, Phantom der Nacht, film, franc\u0327ais\n\nNotice : \n000    00857cx  f2200217   4500\n001    UMLRM0008\n005    20220725112526\n100    $a 20220721afrey50      ba0\n101 1  $a fre $c ger $j fre\n102    $a  FR\n104    $a d1979\n105    $a ba\n145    $a b $b xa2ae\n147 1  $a g $e c $h c\n152    $a  RDA-FR\n154    $a xb\n232    $3 UMLRM0007 $7 ba0yba0y $8 freger $a Nosferatu, Phantom der Nacht $c film $m franc\u0327ais\n371    $a Surround $c Sous-titrage en fran\u00e7ais pour malentendants\n432    $7 ba0yba0y $8 frefre $a Nosferatu, fanto\u0302me de la nuit $c film $m franc\u0327ais\n801  0 $a FR $b 751043001 $c 20220725\n810    $a Nosferatu fant\u00f4me de la nuit / un film de Werner Herzog ; Isabelle Adjani, Klaus Kinski, [Bruno Ganz... [et autres, acteurs ; musique de Florian Fricke, Popol Vuh]. - [Neuilly-sur-Seine] : Gaumont vid\u00e9o, [DL 2010]. \u2013 [Images anim\u00e9es : vid\u00e9o] \n\nXML : <Element {http://www.loc.gov/MARC21/slim}record at 0x257c06e3a40>\nIndexation : nosferatu fantome de la nuit un film de werner herzog isabelle adjani klaus kinski bruno ganz et autres acteurs musique de florian fricke popol vuh neuilly sur seine gaumont video dl 2010 images animees video nosferatu phantom der nacht surround",
    "lang": [
        "fre"
    ],
    "expressionContentType": "film",
    "exprContentType": "film",
    "exprResp": [],
    "detailed": "Description : Surround, Sous-titrage en fran\u00e7ais pour malentendants\n\n\n",
    "detailed_sup": "Description : D'apr\u00e8s le roman de Bram Stoker et le film de F.-W. Murnau.\nAu XIXe sie\u0300cle, Jonathan Harker se rend dans les Carpathes afin de ne\u0301gocier la vente d'une maison qu'un certain comte Dracula veut acque\u0301rir. Harker tombe rapidement sous l'emprise de ce dernier, qui se rendra ensuite en Allemagne, accompagne\u0301 de milliers de rats pour y transmettre la peste...\nUne chauve-souris s'agrippe aux rideaux de la chambre et Lucy hurle de terreur. Le lendemain, Jonathan Harker, son fianc\u00e9, re\u00e7oit de l'\u00e9trange Renfield l'ordre de se rendre en Transylvanie, chez le comte Dracula qui d\u00e9sire acqu\u00e9rir une maison dans la ville de Wismar. Malgr\u00e9 la soudaine peur de Lucy, Jonathan entreprend ce long p\u00e9riple. Apr\u00e8s s'\u00eatre heurt\u00e9 \u00e0 l'angoisse des gens de la r\u00e9gion, il rencontre le comte, inqui\u00e9tant homme blanch\u00e2tre au cr\u00e2ne ras\u00e9 et aux ongles pointus. Le lendemain, il d\u00e9couvre sur son cou comme deux piq\u00fbres. Plus tard Dracula, qui a admir\u00e9 sur m\u00e9daillon le long cou de Lucy, quitte son ch\u00e2teau dans son cercueil. Persuad\u00e9 que sa fianc\u00e9e court un grand danger, Jonathan tente de le prendre de vitesse. Mais c'est un homme sans m\u00e9moire, rendu fou par la fi\u00e8vre qui parvient \u00e0 Wismar, jusque dans les bras de Lucy qu'il ne reconna\u00eet pas. Pendant ce temps, un bateau, sans marins o\u00f9, seul, le capitaine g\u00eet mort, attach\u00e9 sur le gouvernail, entre dans Wismar. \u00c0 bord, les rats s'\u00e9gaient dans la ville, porteurs de peste, tandis que l'ombre gigantesque de Dracula hante la maison o\u00f9 Lucy soigne son \u00e9poux. Alors que la population d\u00e9couvre dans la mort toute proche une raison de vivre mieux, Lucy, qui a d\u00e9j\u00e0 lutt\u00e9 avec Dracula, l'attire dans sa chambre et s'offre en victime expiatoire \u00e0 la soif du monstre. Les premiers rayons du soleil foudroient le vampire. Mais, lorsque le docteur Van Helsing, qui opposait toujours la force de la science \u00e0 l'instinct de Lucy, enfonce un pieu dans le coeur du comte, il est arr\u00eat\u00e9 pour meurtre et emmen\u00e9 dans une prison qui n'existe plus. Alors, Jonathan se l\u00e8ve de son fauteuil, il demande qu'on enl\u00e8ve le cercle d'hosties consacr\u00e9es que Lucy avait trac\u00e9 pour le prot\u00e9ger. Et il s'\u00e9lance, nouveau disciple du Non Mort, afin de r\u00e9pandre le Mal sur terre.\n\n\nDate de copyright : 1978\nDate de sortie en salle : 17/07/1979\nDate de tournage : 01/05/1978\n",
    "rebonds": "",
    "rebondids": [],
    "other_works_expressions": null
}