{
    "xml": "<marc:record xmlns:marc=\"http://www.loc.gov/MARC21/slim\">\n    <marc:leader>00595nx  h2200181   4500</marc:leader>\n    <marc:controlfield tag=\"001\">UMLRM0196</marc:controlfield>\n    <marc:datafield tag=\"100\" ind1=\" \" ind2=\" \">\n      <marc:subfield code=\"a\">20221116afrey50      ba0</marc:subfield>\n    </marc:datafield>\n    <marc:datafield tag=\"101\" ind1=\"0\" ind2=\" \">\n      <marc:subfield code=\"a\">fre</marc:subfield>\n    </marc:datafield>\n    <marc:datafield tag=\"102\" ind1=\" \" ind2=\" \">\n      <marc:subfield code=\"a\">BE</marc:subfield>\n    </marc:datafield>\n    <marc:datafield tag=\"104\" ind1=\" \" ind2=\" \">\n      <marc:subfield code=\"a\">d1986</marc:subfield>\n    </marc:datafield>\n    <marc:datafield tag=\"105\" ind1=\" \" ind2=\" \">\n      <marc:subfield code=\"a\">ba</marc:subfield>\n    </marc:datafield>\n    <marc:datafield tag=\"145\" ind1=\"0\" ind2=\" \">\n      <marc:subfield code=\"a\">i</marc:subfield>\n      <marc:subfield code=\"b\">axxe</marc:subfield>\n    </marc:datafield>\n    <marc:datafield tag=\"152\" ind1=\" \" ind2=\" \">\n      <marc:subfield code=\"a\">RDA-FR</marc:subfield>\n    </marc:datafield>\n    <marc:datafield tag=\"154\" ind1=\" \" ind2=\" \">\n      <marc:subfield code=\"a\">xb</marc:subfield>\n    </marc:datafield>\n    <marc:datafield tag=\"242\" ind1=\" \" ind2=\"1\">\n      <marc:subfield code=\"3\">UMLRM0195</marc:subfield>\n      <marc:subfield code=\"7\">ba0yba0y</marc:subfield>\n      <marc:subfield code=\"8\">frefre</marc:subfield>\n      <marc:subfield code=\"a\">Finn&#233;, Jacques (1944-&#8230;.)</marc:subfield>\n      <marc:subfield code=\"t\">Bibliographie de Dracula</marc:subfield>\n      <marc:subfield code=\"m\">Fran&#231;ais</marc:subfield>\n      <marc:subfield code=\"n\">Texte not&#233;</marc:subfield>\n    </marc:datafield>\n    <marc:datafield tag=\"640\" ind1=\"0\" ind2=\" \">\n      <marc:subfield code=\"0\">Date de copyright</marc:subfield>\n      <marc:subfield code=\"f\">#1986#####</marc:subfield>\n    </marc:datafield>\n    <marc:datafield tag=\"801\" ind1=\" \" ind2=\"0\">\n      <marc:subfield code=\"a\">FR</marc:subfield>\n      <marc:subfield code=\"b\">FR-751045101</marc:subfield>\n      <marc:subfield code=\"c\">20221116</marc:subfield>\n    </marc:datafield>\n    <marc:datafield tag=\"810\" ind1=\" \" ind2=\" \">\n      <marc:subfield code=\"a\">Bibliographie de Dracula / Jacques Finn&#233;. &#8211; Lausanne :  L&#8217;&#226;ge d'homme, cop. 1986. &#8211; [Texte not&#233; : sans m&#233;diation]</marc:subfield>\n    </marc:datafield>\n  </marc:record>\n  ",
    "init_type": "oe",
    "id": "UMLRM0196",
    "txt": "\n000    00595nx  h2200181   4500\n001    UMLRM0196\n100    $a 20221116afrey50      ba0\n101 0  $a fre\n102    $a BE\n104    $a d1986\n105    $a ba\n145 0  $a i $b axxe\n152    $a RDA-FR\n154    $a xb\n242  1 $3 UMLRM0195 $7 ba0yba0y $8 frefre $a Finn\u00e9, Jacques (1944-\u2026.) $t Bibliographie de Dracula $m Fran\u00e7ais $n Texte not\u00e9\n640 0  $0 Date de copyright $f #1986#####\n801  0 $a FR $b FR-751045101 $c 20221116\n810    $a Bibliographie de Dracula / Jacques Finn\u00e9. \u2013 Lausanne :  L\u2019\u00e2ge d'homme, cop. 1986. \u2013 [Texte not\u00e9 : sans m\u00e9diation]",
    "self_index": [
        "finne jacques 1944 bibliographie de dracula",
        "bibliographie de dracula jacques finne lausanne l'age homme cop 1986 texte note sans mediation",
        "finne jacques 1944 bibliographie de dracula",
        "bibliographie de dracula jacques finne lausanne l'age homme cop 1986 texte note sans mediation"
    ],
    "linked_entities_index": [
        "finne jacques 1944 bibliographie de dracula francais texte note",
        "bibliographie de dracula jacques finne",
        "lausanne l'age homme copyright 1996",
        "contemporains",
        "bibliographie de dracula jacques finne",
        "lausanne l'age homme copyright 1996",
        "contemporains"
    ],
    "resp_index": [],
    "linked_resp_index": [
        "finne"
    ],
    "global_index": "bibliographie de dracula jacques finne lausanne l'age homme cop 1986 texte note sans mediation finne jacques 1944 bibliographie de dracula contemporains finne lausanne l'age homme copyright 1996 finne jacques 1944 bibliographie de dracula francais texte note bibliographie de dracula jacques finne",
    "type": "e",
    "label": "Finn\u00e9, Jacques (1944-\u2026.), Bibliographie de Dracula, Fran\u00e7ais, Texte not\u00e9",
    "label_html": "Finn\u00e9, Jacques (1944-\u2026.), Bibliographie de Dracula, Fran\u00e7ais <img src='icons/Texte not\u00e9.png' alt='[Texte not\u00e9]' title='Texte not\u00e9'/>",
    "splitted_label": "Finn\u00e9, Jacques\n(1944-\u2026.),\nBibliographie de\nDracula, Fran\u00e7ais,\nTexte not\u00e9",
    "stats_zones": {
        "001": 1,
        "100": 1,
        "101": 1,
        "102": 1,
        "104": 1,
        "105": 1,
        "145": 1,
        "152": 1,
        "154": 1,
        "242": 1,
        "640": 1,
        "801": 1,
        "810": 1
    },
    "resp": {},
    "respIds": [],
    "toOeuvres": {
        "UMLRM0195": "Finn\u00e9, Jacques (1944-\u2026.), Bibliographie de Dracula "
    },
    "toExpressions": {},
    "toManifs": {
        "UMLRM0197": "Bibliographie de Dracula, Jacques Finn\u00e9, L\u2019\u00e2ge d'homme, Copyright 1996, 1 volume(215 pages)"
    },
    "manifsYears": [
        1986
    ],
    "toItems": {
        "UMLRM1055": "BM_CELESTEVILLE > ADULTES > COTE_UMLRM1055"
    },
    "other_expressions": {},
    "repr": "id : UMLRM0196\ntype initial : oe ; type : e\nlabel : Finn\u00e9, Jacques (1944-\u2026.), Bibliographie de Dracula, Fran\u00e7ais, Texte not\u00e9\n\nNotice : \n000    00595nx  h2200181   4500\n001    UMLRM0196\n100    $a 20221116afrey50      ba0\n101 0  $a fre\n102    $a BE\n104    $a d1986\n105    $a ba\n145 0  $a i $b axxe\n152    $a RDA-FR\n154    $a xb\n242  1 $3 UMLRM0195 $7 ba0yba0y $8 frefre $a Finn\u00e9, Jacques (1944-\u2026.) $t Bibliographie de Dracula $m Fran\u00e7ais $n Texte not\u00e9\n640 0  $0 Date de copyright $f #1986#####\n801  0 $a FR $b FR-751045101 $c 20221116\n810    $a Bibliographie de Dracula / Jacques Finn\u00e9. \u2013 Lausanne :  L\u2019\u00e2ge d'homme, cop. 1986. \u2013 [Texte not\u00e9 : sans m\u00e9diation] \n\nXML : <Element {http://www.loc.gov/MARC21/slim}record at 0x257c06e62c0>\nIndexation : bibliographie de dracula jacques finne lausanne l'age homme cop 1986 texte note sans mediation finne jacques 1944 bibliographie de dracula",
    "lang": [
        "fre"
    ],
    "expressionContentType": "Texte not\u00e9",
    "exprContentType": "Texte not\u00e9",
    "exprResp": [],
    "detailed": "\n\nDate de copyright : 1986",
    "detailed_sup": "\n\nDate de copyright : 1986\n",
    "rebonds": "",
    "rebondids": [],
    "other_works_expressions": null
}