{
    "xml": "<marc:record xmlns:marc=\"http://www.loc.gov/MARC21/slim\">\n    <marc:leader>01110nx  h2200217   4500</marc:leader>\n    <marc:controlfield tag=\"001\">UMLRM0041</marc:controlfield>\n    <marc:datafield tag=\"100\" ind1=\" \" ind2=\" \">\n      <marc:subfield code=\"a\">20220809afrey0103ba0</marc:subfield>\n    </marc:datafield>\n    <marc:datafield tag=\"101\" ind1=\"1\" ind2=\" \">\n      <marc:subfield code=\"a\">fre</marc:subfield>\n      <marc:subfield code=\"c\">ger</marc:subfield>\n    </marc:datafield>\n    <marc:datafield tag=\"102\" ind1=\" \" ind2=\" \">\n      <marc:subfield code=\"a\">FR</marc:subfield>\n    </marc:datafield>\n    <marc:datafield tag=\"104\" ind1=\" \" ind2=\" \">\n      <marc:subfield code=\"a\">d2010</marc:subfield>\n    </marc:datafield>\n    <marc:datafield tag=\"105\" ind1=\" \" ind2=\" \">\n      <marc:subfield code=\"a\">ba</marc:subfield>\n    </marc:datafield>\n    <marc:datafield tag=\"145\" ind1=\" \" ind2=\" \">\n      <marc:subfield code=\"a\">i</marc:subfield>\n      <marc:subfield code=\"b\">axxe</marc:subfield>\n    </marc:datafield>\n    <marc:datafield tag=\"152\" ind1=\" \" ind2=\" \">\n      <marc:subfield code=\"a\">RDA-FR</marc:subfield>\n    </marc:datafield>\n    <marc:datafield tag=\"154\" ind1=\" \" ind2=\" \">\n      <marc:subfield code=\"a\">xb</marc:subfield>\n    </marc:datafield>\n    <marc:datafield tag=\"242\" ind1=\" \" ind2=\"1\">\n      <marc:subfield code=\"3\">UMLRM0004</marc:subfield>\n      <marc:subfield code=\"7\">ba0yba0y</marc:subfield>\n      <marc:subfield code=\"8\">freeng</marc:subfield>\n      <marc:subfield code=\"a\">Stoker, Bram (1847-1912)</marc:subfield>\n      <marc:subfield code=\"t\">Dracula</marc:subfield>\n      <marc:subfield code=\"m\">Fran&#231;ais</marc:subfield>\n      <marc:subfield code=\"w\">Sirgent</marc:subfield>\n      <marc:subfield code=\"n\">Texte not&#233;</marc:subfield>\n    </marc:datafield>\n    <marc:datafield tag=\"502\" ind1=\" \" ind2=\"1\">\n      <marc:subfield code=\"3\">15547545</marc:subfield>\n      <marc:subfield code=\"7\">ba0yba0y</marc:subfield>\n      <marc:subfield code=\"8\">frefre</marc:subfield>\n      <marc:subfield code=\"o\">ISNI 0000 0000 0188 825</marc:subfield>\n      <marc:subfield code=\"a\">Sirgent</marc:subfield>\n      <marc:subfield code=\"b\">Jacques</marc:subfield>\n      <marc:subfield code=\"4\">730</marc:subfield>\n    </marc:datafield>\n    <marc:datafield tag=\"542\" ind1=\" \" ind2=\"1\">\n      <marc:subfield code=\"5\">xxo</marc:subfield>\n      <marc:subfield code=\"p\">Est une traduction de</marc:subfield>\n      <marc:subfield code=\"3\">UMLRM0005</marc:subfield>\n      <marc:subfield code=\"7\">ba0yba0y</marc:subfield>\n      <marc:subfield code=\"8\">freeng</marc:subfield>\n      <marc:subfield code=\"a\">Stoker, Bram (1847-1912)</marc:subfield>\n      <marc:subfield code=\"t\">Dracula</marc:subfield>\n      <marc:subfield code=\"m\">Anglais</marc:subfield>\n      <marc:subfield code=\"n\">Texte not&#233;</marc:subfield>\n    </marc:datafield>\n    <marc:datafield tag=\"640\" ind1=\"6\" ind2=\" \">\n      <marc:subfield code=\"0\">Date de premi&#232;re publication</marc:subfield>\n      <marc:subfield code=\"f\">#2010#####</marc:subfield>\n    </marc:datafield>\n    <marc:datafield tag=\"801\" ind1=\" \" ind2=\"0\">\n      <marc:subfield code=\"a\">FR</marc:subfield>\n      <marc:subfield code=\"b\">FR-341725402</marc:subfield>\n      <marc:subfield code=\"c\">20220809</marc:subfield>\n    </marc:datafield>\n    <marc:datafield tag=\"810\" ind1=\" \" ind2=\" \">\n      <marc:subfield code=\"a\">Dracula] / Bram Stoker ; traduit de l'anglais par Jacques Sirgent. &#8211; Nouvelle traduction. &#8211; Rosi&#232;res-en-Haye : le Camion blanc, impr. 2010. &#8211; [Texte not&#233; : sans m&#233;diation]. &#8211; ISBN 978-2-35779-055-1</marc:subfield>\n    </marc:datafield>\n    <marc:datafield tag=\"810\" ind1=\" \" ind2=\" \">\n      <marc:subfield code=\"a\">Dracula : traduction inte&#769;grale / Bram Stoker ; traduit de l'anglais par Jacques Sirgent. &#8211; Paris : J'ai lu, impr. 2012. &#8211; [Texte not&#233; : sans m&#233;diation]. &#8211; ISBN 978-2-290-05740-7</marc:subfield>\n    </marc:datafield>\n  </marc:record>\n  ",
    "init_type": "oe",
    "id": "UMLRM0041",
    "txt": "\n000    01110nx  h2200217   4500\n001    UMLRM0041\n100    $a 20220809afrey0103ba0\n101 1  $a fre $c ger\n102    $a FR\n104    $a d2010\n105    $a ba\n145    $a i $b axxe\n152    $a RDA-FR\n154    $a xb\n242  1 $3 UMLRM0004 $7 ba0yba0y $8 freeng $a Stoker, Bram (1847-1912) $t Dracula $m Fran\u00e7ais $w Sirgent $n Texte not\u00e9\n502  1 $3 15547545 $7 ba0yba0y $8 frefre $o ISNI 0000 0000 0188 825 $a Sirgent $b Jacques $4 730\n542  1 $5 xxo $p Est une traduction de $3 UMLRM0005 $7 ba0yba0y $8 freeng $a Stoker, Bram (1847-1912) $t Dracula $m Anglais $n Texte not\u00e9\n640 6  $0 Date de premi\u00e8re publication $f #2010#####\n801  0 $a FR $b FR-341725402 $c 20220809\n810    $a Dracula] / Bram Stoker ; traduit de l'anglais par Jacques Sirgent. \u2013 Nouvelle traduction. \u2013 Rosi\u00e8res-en-Haye : le Camion blanc, impr. 2010. \u2013 [Texte not\u00e9 : sans m\u00e9diation]. \u2013 ISBN 978-2-35779-055-1\n810    $a Dracula : traduction inte\u0301grale / Bram Stoker ; traduit de l'anglais par Jacques Sirgent. \u2013 Paris : J'ai lu, impr. 2012. \u2013 [Texte not\u00e9 : sans m\u00e9diation]. \u2013 ISBN 978-2-290-05740-7",
    "self_index": [
        "stoker bram 1847 1912 dracula",
        "dracula bram stoker traduit de anglais par jacques sirgent nouvelle traduction rosieres en haye le camion blanc impr 2010 texte note sans mediation isbn 978 35779 055 1$?dracula traduction integrale bram stoker traduit de anglais par jacques sirgent paris ai lu impr 2012 texte note sans mediation isbn 978 290 05740",
        "stoker bram 1847 1912 dracula",
        "dracula bram stoker traduit de anglais par jacques sirgent nouvelle traduction rosieres en haye le camion blanc impr 2010 texte note sans mediation isbn 978 35779 055 1$?dracula traduction integrale bram stoker traduit de anglais par jacques sirgent paris ai lu impr 2012 texte note sans mediation isbn 978 290 05740"
    ],
    "linked_entities_index": [
        "stoker bram 1847 1912 dracula francais sirgent texte note",
        "dracula traduction integrale bram stoker traduit de anglais par jacques sirgent",
        "paris ai lu$? slovaquie 2012",
        "ai lu",
        "dracula traduction integrale bram stoker traduit de anglais par jacques sirgent",
        "paris ai lu$? slovaquie 2012",
        "ai lu",
        "dracula bram stoker traduit de anglais pas jacques sirgent",
        "rosieres en haye le camion blanc$? 91 les ulis imprimerie acort europe 2010",
        "camion noir",
        "dracula bram stoker traduit de anglais pas jacques sirgent",
        "rosieres en haye le camion blanc$? 91 les ulis imprimerie acort europe 2010",
        "camion noir",
        "http ark bnf fr ark 12148 cb12312986p$?http viaf org viaf 194144783017853134071$?https www wikidata org wiki q41542$?https data bnf fr ark 12148 cb12312986p",
        "le dracula de bram stoker est une application tres reussie du roman epistolaire au genre fantastique tout commence avec le journal de jonathan harker jeune clerc de notaire envoye en transylvanie alors qu'il est sur le point d'epouser sa fiancee mina murray jonathan harker pour mission de rencontrer le comte dracula lequel vient de se porter acquereur d'une propriete dans les environs de londres une fois entre les murs sinistres et inquietants du chateau du comte jonathan harker se rend tres vite l'evidence si dracula le laisse aller presque sa guise dans le chateau il n'en demeure pas moins prisonnier de l'antique demeure et de son maitre de maison et tandis que jonathan se retrouve confronte non seulement lui meme et ses convictions mais aussi des creatures plus diaboliques qu'humaines le comte prepare son depart vers londres..."
    ],
    "resp_index": [
        "sirgent jacques",
        "sirgent jacques"
    ],
    "linked_resp_index": [
        "stoker bram"
    ],
    "global_index": "dracula bram stoker traduit de anglais par jacques sirgent nouvelle traduction rosieres en haye le camion blanc impr 2010 texte note sans mediation isbn 978 35779 055 1$?dracula traduction integrale bram stoker traduit de anglais par jacques sirgent paris ai lu impr 2012 texte note sans mediation isbn 978 290 05740 le dracula de bram stoker est une application tres reussie du roman epistolaire au genre fantastique tout commence avec le journal de jonathan harker jeune clerc de notaire envoye en transylvanie alors qu'il est sur le point d'epouser sa fiancee mina murray jonathan harker pour mission de rencontrer le comte dracula lequel vient de se porter acquereur d'une propriete dans les environs de londres une fois entre les murs sinistres et inquietants du chateau du comte jonathan harker se rend tres vite l'evidence si dracula le laisse aller presque sa guise dans le chateau il n'en demeure pas moins prisonnier de l'antique demeure et de son maitre de maison et tandis que jonathan se retrouve confronte non seulement lui meme et ses convictions mais aussi des creatures plus diaboliques qu'humaines le comte prepare son depart vers londres... http ark bnf fr ark 12148 cb12312986p$?http viaf org viaf 194144783017853134071$?https www wikidata org wiki q41542$?https data bnf fr ark 12148 cb12312986p camion noir ai lu rosieres en haye le camion blanc$? 91 les ulis imprimerie acort europe 2010 stoker bram stoker bram 1847 1912 dracula francais sirgent texte note paris ai lu$? slovaquie 2012 sirgent jacques dracula bram stoker traduit de anglais pas jacques sirgent dracula traduction integrale bram stoker traduit de anglais par jacques sirgent stoker bram 1847 1912 dracula",
    "type": "e",
    "label": "Stoker, Bram (1847-1912), Dracula, Fran\u00e7ais, Sirgent, Texte not\u00e9",
    "label_html": "Stoker, Bram (1847-1912), Dracula, Fran\u00e7ais, Sirgent <img src='icons/Texte not\u00e9.png' alt='[Texte not\u00e9]' title='Texte not\u00e9'/>",
    "splitted_label": "Stoker, Bram\n(1847-1912),\nDracula, Fran\u00e7ais,\nSirgent, Texte not\u00e9",
    "stats_zones": {
        "001": 1,
        "100": 1,
        "101": 1,
        "102": 1,
        "104": 1,
        "105": 1,
        "145": 1,
        "152": 1,
        "154": 1,
        "242": 1,
        "502": 1,
        "542": 1,
        "640": 1,
        "801": 1,
        "810": 2
    },
    "resp": {
        "Sirgent, Jacques": [
            "Traducteur"
        ]
    },
    "respIds": [
        "15547545"
    ],
    "toOeuvres": {
        "UMLRM0004": "Stoker, Bram (1847-1912), Dracula"
    },
    "toExpressions": {},
    "toManifs": {
        "UMLRM0042": "Dracula, Bram Stoker, J'ai lu, 2012, 1 volume (679 pages), couverture illustr\u00e9e en couleur",
        "UMLRM0045": "Dracula, Bram Stoker, Le camion blanc - Imprimerie Acort Europe, 2010, 1 volume (741 pages), couverture illustr\u00e9e en couleur"
    },
    "manifsYears": [
        2010,
        2012
    ],
    "toItems": {
        "UMLRM1013": "BM_CELESTEVILLE > ADULTES > COTE_UMLRM1013",
        "UMLRM1014": "BM_CELESTEVILLE > ADULTES > COTE_UMLRM1014"
    },
    "other_expressions": {
        "UMLRM0005": "Stoker, Bram (1847-1912), Dracula, Anglais, Texte not\u00e9 [Stoker, Bram (1847-1912), Dracula]",
        "UMLRM0020": "Stoker, Bram (1847-1912), Dracula, Fran\u00e7ais, Molitor, Texte not\u00e9 [Stoker, Bram (1847-1912), Dracula]",
        "UMLRM0050": "Stoker, Bram (1847-1912), Dracula, Fran\u00e7ais, Finn\u00e9, Texte not\u00e9 [Stoker, Bram (1847-1912), Dracula]",
        "UMLRM0053": "Stoker, Bram (1847-1912), Dracula, Fran\u00e7ais, Chicheportiche, Texte not\u00e9 [Stoker, Bram (1847-1912), Dracula]",
        "UMLRM0056": "Stoker, Bram (1847-1912), Dracula, Fran\u00e7ais, Paul-Margueritte, Texte not\u00e9 [Stoker, Bram (1847-1912), Dracula]",
        "UMLRM0059": "Stoker, Bram (1847-1912), Dracula, Fran\u00e7ais, Paul-Margueritte, Texte not\u00e9 [Stoker, Bram (1847-1912), Dracula]",
        "UMLRM0065": "Stoker, Bram (1847-1912), Dracula, Espagnol, Texte not\u00e9 [Stoker, Bram (1847-1912), Dracula]",
        "UMLRM0068": "Stoker, Bram (1847-1912), Dracula, Fran\u00e7ais, Molitor - Moissard, Texte not\u00e9 [Stoker, Bram (1847-1912), Dracula]",
        "UMLRM0187": "Stoker, Bram (1847-1912), Dracula, Fran\u00e7ais, Parole \u00e9nonc\u00e9e [Stoker, Bram (1847-1912), Dracula]",
        "UMLRM0082": "\"Dracula\" : l'oeuvre de Bram Stoker et le film de Francis F. Coppola, Fran\u00e7ais-Anglais, Texte not\u00e9 [\"Dracula\" : l'oeuvre de Bram Stoker et le film de Francis F. Coppola]",
        "UMLRM0153": "[Photographies extraites du film \u00ab Dracula \u00bb de Tod Browning], 1932, Image fixe [[Photographies extraites du film \"Dracula\" de Tod Browning], 1932]",
        "UMLRM0159": "Dracula, film, 1931, Versions multiples (5 langues ; sous-titrage en 5 langues) [Dracula, film, 1931]",
        "UMLRM0008": "Nosferatu, Phantom der Nacht, film, franc\u0327ais [ Nosferatu, Phantom der Nacht, film]",
        "UMLRM0136": "Dracula : pages from a virgin's diary, film, Anglais ; sous-titrage en fran\u00e7ais [Dracula: pages from a virgin's diary, film]",
        "UMLRM0091": "Nosferatu, the wrath of Malachi, jeu vid\u00e9o, Fran\u00e7ais, PC [Nosferatu, the wrath of Malachi, jeu vid\u00e9o]",
        "UMLRM0106": "Dracula has risen from the grave, film, Anglais [Dracula has risen from the grave, film]",
        "UMLRM0181": "Dracula has risen from the grave, film, Fran\u00e7ais [Dracula has risen from the grave, film]",
        "UMLRM0002": "Nosferatu, eine Symphonie des Grauens, film, Fran\u00e7ais, 60mn [Nosferatu, eine Symphonie des Grauens, film]",
        "UMLRM0079": "Bram Stoker's Dracula, film, Anglais [Bram Stoker's Dracula, film]",
        "UMLRM0192": "Dracula, \u00e9mission radiophonique, 1938, Anglais, Parole \u00e9nonc\u00e9e. Musique ex\u00e9cut\u00e9e [Dracula, \u00e9mission radiophonique, 1938]",
        "UMLRM0121": "Dracula, dead and loving it, film, Fran\u00e7ais [Dracula, dead and loving it, film]",
        "UMLRM0189": "Dracula, dead and loving it, film, Anglais ; sous-titrage optionnel en fran\u00e7ais [Dracula, dead and loving it, film]",
        "UMLRM0127": "Stoker, Bram (1847-1912), Choix, Manuscrits, Anglais, Texte not\u00e9 [Stoker, Bram (1847-1912), Choix, Manuscrits]",
        "UMLRM0100": "Druillet, Philippe (1944-....), Nosferatu, Fran\u00e7ais, Texte not\u00e9. Image fixe [Druillet, Philippe (1944-....), Nosferatu]",
        "UMLRM0038": "Stoker, Bram (1847-1912), Choix, Dracula, Fran\u00e7ais, Finn\u00e9, Texte not\u00e9 [Stoker, Bram (1847-1912), Choix, Dracula]",
        "UMLRM0047": "Stoker, Bram (1847-1912), Choix, Dracula, Fran\u00e7ais, Finn\u00e9, Texte not\u00e9 [Stoker, Bram (1847-1912), Choix, Dracula]",
        "UMLRM0172": "Stoker, Bram (1847-1912), Choix, Dracula, Fran\u00e7ais, Finn\u00e9, Texte not\u00e9 [Stoker, Bram (1847-1912), Choix, Dracula]",
        "UMLRM0035": "Humphries, Tudor (1953-\u2026.), Dracula, Fran\u00e7ais, Texte not\u00e9. Image fixe [Humphries, Tudor (1953-\u2026.), Dracula]",
        "UMLRM0161": "Humphries, Tudor (1953-\u2026.), Dracula, Anglais, Texte not\u00e9. Image fixe [Humphries, Tudor (1953-\u2026.), Dracula]",
        "UMLRM0076": "Stoker, Bram (1847-1912), Dracula\u2019s guest, Fran\u00e7ais, Finn\u00e9, Texte not\u00e9 [Stoker, Bram (1847-1912), Dracula's guest]",
        "UMLRM0115": "Stoker, Dacre - Holt, Ian (1964-\u2026.), Dracula, the un-dead, Fran\u00e7ais, Texte not\u00e9 [Stoker, Dacre - Holt, Ian (1964-\u2026.), Dracula, the un-dead]"
    },
    "repr": "id : UMLRM0041\ntype initial : oe ; type : e\nlabel : Stoker, Bram (1847-1912), Dracula, Fran\u00e7ais, Sirgent, Texte not\u00e9\n\nNotice : \n000    01110nx  h2200217   4500\n001    UMLRM0041\n100    $a 20220809afrey0103ba0\n101 1  $a fre $c ger\n102    $a FR\n104    $a d2010\n105    $a ba\n145    $a i $b axxe\n152    $a RDA-FR\n154    $a xb\n242  1 $3 UMLRM0004 $7 ba0yba0y $8 freeng $a Stoker, Bram (1847-1912) $t Dracula $m Fran\u00e7ais $w Sirgent $n Texte not\u00e9\n502  1 $3 15547545 $7 ba0yba0y $8 frefre $o ISNI 0000 0000 0188 825 $a Sirgent $b Jacques $4 730\n542  1 $5 xxo $p Est une traduction de $3 UMLRM0005 $7 ba0yba0y $8 freeng $a Stoker, Bram (1847-1912) $t Dracula $m Anglais $n Texte not\u00e9\n640 6  $0 Date de premi\u00e8re publication $f #2010#####\n801  0 $a FR $b FR-341725402 $c 20220809\n810    $a Dracula] / Bram Stoker ; traduit de l'anglais par Jacques Sirgent. \u2013 Nouvelle traduction. \u2013 Rosi\u00e8res-en-Haye : le Camion blanc, impr. 2010. \u2013 [Texte not\u00e9 : sans m\u00e9diation]. \u2013 ISBN 978-2-35779-055-1\n810    $a Dracula : traduction inte\u0301grale / Bram Stoker ; traduit de l'anglais par Jacques Sirgent. \u2013 Paris : J'ai lu, impr. 2012. \u2013 [Texte not\u00e9 : sans m\u00e9diation]. \u2013 ISBN 978-2-290-05740-7 \n\nXML : <Element {http://www.loc.gov/MARC21/slim}record at 0x257c06e3d40>\nIndexation : dracula bram stoker traduit de anglais par jacques sirgent nouvelle traduction rosieres en haye le camion blanc impr 2010 texte note sans mediation isbn 978 35779 055 1$?dracula traduction integrale bram stoker traduit de anglais par jacques sirgent paris ai lu impr 2012 texte note sans mediation isbn 978 290 05740 sirgent jacques stoker bram 1847 1912 dracula",
    "lang": [
        "fre"
    ],
    "expressionContentType": "Texte not\u00e9",
    "exprContentType": "Texte not\u00e9",
    "exprResp": [
        "Sirgent, Jacques (Traducteur)"
    ],
    "detailed": "\n\nDate de premi\u00e8re publication : 2010",
    "detailed_sup": "Description : Le Dracula de Bram Stoker est une application tr\u00e8s r\u00e9ussie du roman \u00e9pistolaire au genre fantastique. Tout commence avec le journal de Jonathan Harker, jeune clerc de notaire envoy\u00e9 en Transylvanie alors qu\u2019il est sur le point d\u2019\u00e9pouser sa fianc\u00e9e, Mina Murray. Jonathan Harker a pour mission de rencontrer le comte Dracula, lequel vient de se porter acqu\u00e9reur d\u2019une propri\u00e9t\u00e9 dans les environs de Londres. Une fois entre les murs sinistres et inqui\u00e9tants du ch\u00e2teau du comte, Jonathan Harker se rend tr\u00e8s vite \u00e0 l\u2019\u00e9vidence: si Dracula le laisse aller presque \u00e0 sa guise dans le ch\u00e2teau, il n\u2019en demeure pas moins prisonnier de l\u2019antique demeure et de son ma\u00eetre de maison. Et tandis que Jonathan se retrouve confront\u00e9 non seulement \u00e0 lui-m\u00eame et \u00e0 ses convictions, mais aussi \u00e0 des cr\u00e9atures plus diaboliques qu\u2019humaines, le comte pr\u00e9pare son d\u00e9part vers Londres\u2026\n\n\nDate de premi\u00e8re publication : 1897\nDate d\u2019\u00e9criture : 08/03/1890\n",
    "rebonds": "",
    "rebondids": [],
    "other_works_expressions": null
}