{
    "xml": "<marc:record xmlns:marc=\"http://www.loc.gov/MARC21/slim\">\n    <marc:leader>00681nx  h2200181   4500</marc:leader>\n    <marc:controlfield tag=\"001\">UMLRM0139</marc:controlfield>\n    <marc:datafield tag=\"100\" ind1=\" \" ind2=\" \">\n      <marc:subfield code=\"a\">20221025afrey50      ba0</marc:subfield>\n    </marc:datafield>\n    <marc:datafield tag=\"101\" ind1=\"0\" ind2=\" \">\n      <marc:subfield code=\"a\">zxx</marc:subfield>\n    </marc:datafield>\n    <marc:datafield tag=\"102\" ind1=\" \" ind2=\" \">\n      <marc:subfield code=\"a\">FR</marc:subfield>\n    </marc:datafield>\n    <marc:datafield tag=\"104\" ind1=\" \" ind2=\" \">\n      <marc:subfield code=\"a\">d2001</marc:subfield>\n    </marc:datafield>\n    <marc:datafield tag=\"145\" ind1=\"0\" ind2=\" \">\n      <marc:subfield code=\"a\">b</marc:subfield>\n      <marc:subfield code=\"b\">xb2e</marc:subfield>\n    </marc:datafield>\n    <marc:datafield tag=\"152\" ind1=\" \" ind2=\" \">\n      <marc:subfield code=\"a\">RDA-FR</marc:subfield>\n    </marc:datafield>\n    <marc:datafield tag=\"154\" ind1=\" \" ind2=\" \">\n      <marc:subfield code=\"a\">xb</marc:subfield>\n    </marc:datafield>\n    <marc:datafield tag=\"242\" ind1=\" \" ind2=\"1\">\n      <marc:subfield code=\"3\">UMLRM0138</marc:subfield>\n      <marc:subfield code=\"a\">Jeanneteau, Daniel (1963-....)</marc:subfield>\n      <marc:subfield code=\"a\">Deratte, Laure (19..-....)</marc:subfield>\n      <marc:subfield code=\"t\">[Maquette de d&#233;cor en volume pour \"Nosferatu\"]</marc:subfield>\n      <marc:subfield code=\"n\">Image fixe</marc:subfield>\n      <marc:subfield code=\"7\">ba0yba0y</marc:subfield>\n      <marc:subfield code=\"8\">frefre</marc:subfield>\n    </marc:datafield>\n    <marc:datafield tag=\"371\" ind1=\" \" ind2=\" \">\n      <marc:subfield code=\"f\">Maquette mont&#233;e</marc:subfield>\n    </marc:datafield>\n    <marc:datafield tag=\"640\" ind1=\"5\" ind2=\" \">\n      <marc:subfield code=\"0\">Date d&#8217;ach&#232;vement de l&#8217;expression</marc:subfield>\n      <marc:subfield code=\"f\">#2001#####</marc:subfield>\n    </marc:datafield>\n    <marc:datafield tag=\"801\" ind1=\" \" ind2=\"0\">\n      <marc:subfield code=\"a\">FR</marc:subfield>\n      <marc:subfield code=\"b\">FR-751045101</marc:subfield>\n      <marc:subfield code=\"c\">20221025</marc:subfield>\n    </marc:datafield>\n    <marc:datafield tag=\"810\" ind1=\" \" ind2=\" \">\n      <marc:subfield code=\"a\">[Maquette de d&#233;cor en volume pour \"Nosferatu\"]/ [Daniel Jeanneteau et Laure Deratte]. &#8211; [2001]. &#8211; [Image fixe : sans m&#233;diation]</marc:subfield>\n    </marc:datafield>\n  </marc:record>\n  ",
    "init_type": "oe",
    "id": "UMLRM0139",
    "txt": "\n000    00681nx  h2200181   4500\n001    UMLRM0139\n100    $a 20221025afrey50      ba0\n101 0  $a zxx\n102    $a FR\n104    $a d2001\n145 0  $a b $b xb2e\n152    $a RDA-FR\n154    $a xb\n242  1 $3 UMLRM0138 $a Jeanneteau, Daniel (1963-....) $a Deratte, Laure (19..-....) $t [Maquette de d\u00e9cor en volume pour \"Nosferatu\"] $n Image fixe $7 ba0yba0y $8 frefre\n371    $f Maquette mont\u00e9e\n640 5  $0 Date d\u2019ach\u00e8vement de l\u2019expression $f #2001#####\n801  0 $a FR $b FR-751045101 $c 20221025\n810    $a [Maquette de d\u00e9cor en volume pour \"Nosferatu\"]/ [Daniel Jeanneteau et Laure Deratte]. \u2013 [2001]. \u2013 [Image fixe : sans m\u00e9diation]",
    "self_index": [
        "jeanneteau daniel 1963 $?deratte laure 19 maquette de decor en volume pour nosferatu",
        "maquette de decor en volume pour nosferatu daniel jeanneteau et laure deratte 2001 image fixe sans mediation",
        "jeanneteau daniel 1963 $?deratte laure 19 maquette de decor en volume pour nosferatu",
        "maquette de decor en volume pour nosferatu daniel jeanneteau et laure deratte 2001 image fixe sans mediation"
    ],
    "linked_entities_index": [
        "jeanneteau daniel 1963 deratte laure 19 maquette de decor en volume pour nosferatu image fixe",
        "maquette de decor en volume pour nosferatu daniel jeanneteau et laure deratte",
        "2001",
        "maquette de decor en volume pour nosferatu daniel jeanneteau et laure deratte",
        "2001",
        "grande categorie technique dessin maquette de decor pour le ballet nosferatu de jean claude gallotta cree opera national de paris bastille le mai 2001"
    ],
    "resp_index": [],
    "linked_resp_index": [
        "jeanneteau daniel",
        "deratte laure"
    ],
    "global_index": "maquette de decor en volume pour nosferatu daniel jeanneteau et laure deratte 2001 image fixe sans mediation jeanneteau daniel 1963 deratte laure 19 maquette de decor en volume pour nosferatu image fixe jeanneteau daniel deratte laure grande categorie technique dessin maquette de decor pour le ballet nosferatu de jean claude gallotta cree opera national de paris bastille le mai 2001 2001 jeanneteau daniel 1963 $?deratte laure 19 maquette de decor en volume pour nosferatu maquette de decor en volume pour nosferatu daniel jeanneteau et laure deratte",
    "type": "e",
    "label": "Jeanneteau, Daniel (1963-....) - Deratte, Laure (19..-....), [Maquette de d\u00e9cor en volume pour \"Nosferatu\"], Image fixe",
    "label_html": "Jeanneteau, Daniel (1963-....) - Deratte, Laure (19..-....), [Maquette de d\u00e9cor en volume pour \"Nosferatu\"] <img src='icons/Image fixe.png' alt='[Image fixe]' title='Image fixe'/>",
    "splitted_label": "Jeanneteau, Daniel\n(1963-....) -\nDeratte, Laure\n(19..-....),\n[Maquette de d\u00e9cor\nen volume pour\n\"Nosferatu\"], Image\nfixe",
    "stats_zones": {
        "001": 1,
        "100": 1,
        "101": 1,
        "102": 1,
        "104": 1,
        "145": 1,
        "152": 1,
        "154": 1,
        "242": 1,
        "371": 1,
        "640": 1,
        "801": 1,
        "810": 1
    },
    "resp": {},
    "respIds": [],
    "toOeuvres": {
        "UMLRM0138": "Jeanneteau, Daniel (1963-....) - Deratte, Laure (19..-....), [Maquette de d\u00e9cor en volume pour \"Nosferatu\"]"
    },
    "toExpressions": {},
    "toManifs": {
        "UMLRM0140": "[Maquette de d\u00e9cor en volume pour \"Nosferatu\"], [Daniel Jeanneteau et Laure Deratte], [2001], 1 maquette en volume"
    },
    "manifsYears": [
        2001
    ],
    "toItems": {},
    "other_expressions": {
        "UMLRM0148": "Nosferatu, spectacle, 2001 [Nosferatu, spectacle, 2001]"
    },
    "repr": "id : UMLRM0139\ntype initial : oe ; type : e\nlabel : Jeanneteau, Daniel (1963-....) - Deratte, Laure (19..-....), [Maquette de d\u00e9cor en volume pour \"Nosferatu\"], Image fixe\n\nNotice : \n000    00681nx  h2200181   4500\n001    UMLRM0139\n100    $a 20221025afrey50      ba0\n101 0  $a zxx\n102    $a FR\n104    $a d2001\n145 0  $a b $b xb2e\n152    $a RDA-FR\n154    $a xb\n242  1 $3 UMLRM0138 $a Jeanneteau, Daniel (1963-....) $a Deratte, Laure (19..-....) $t [Maquette de d\u00e9cor en volume pour \"Nosferatu\"] $n Image fixe $7 ba0yba0y $8 frefre\n371    $f Maquette mont\u00e9e\n640 5  $0 Date d\u2019ach\u00e8vement de l\u2019expression $f #2001#####\n801  0 $a FR $b FR-751045101 $c 20221025\n810    $a [Maquette de d\u00e9cor en volume pour \"Nosferatu\"]/ [Daniel Jeanneteau et Laure Deratte]. \u2013 [2001]. \u2013 [Image fixe : sans m\u00e9diation] \n\nXML : <Element {http://www.loc.gov/MARC21/slim}record at 0x257c06e5840>\nIndexation : maquette de decor en volume pour nosferatu daniel jeanneteau et laure deratte 2001 image fixe sans mediation jeanneteau daniel 1963 $?deratte laure 19 maquette de decor en volume pour nosferatu",
    "lang": [
        "zxx"
    ],
    "expressionContentType": "Image fixe",
    "exprContentType": "Image fixe",
    "exprResp": [],
    "detailed": "Description : Maquette mont\u00e9e\n\n\nDate d\u2019ach\u00e8vement de l\u2019expression : 2001",
    "detailed_sup": "Description : Grande cat\u00e9gorie technique : dessin, Maquette de d\u00e9cor pour le ballet \"Nosferatu\" de Jean-Claude Gallotta cr\u00e9\u00e9 \u00e0 Op\u00e9ra national de Paris-Bastille le 2 mai 2001\n\n\n\u00c9v\u00e9nement \u00e0 l\u2019origine de l\u2019\u0153uvre : 02/05/2001 (Paris)\n",
    "rebonds": "",
    "rebondids": [],
    "other_works_expressions": null
}