{
    "xml": "<marc:record xmlns:marc=\"http://www.loc.gov/MARC21/slim\">\n    <marc:leader>00692cx  h2200193   4500</marc:leader>\n    <marc:controlfield tag=\"001\">UMLRM0011</marc:controlfield>\n    <marc:controlfield tag=\"005\">20220927######.D</marc:controlfield>\n    <marc:datafield tag=\"100\" ind1=\" \" ind2=\" \">\n      <marc:subfield code=\"a\">20220927afrey50      ba0</marc:subfield>\n    </marc:datafield>\n    <marc:datafield tag=\"101\" ind1=\"0\" ind2=\" \">\n      <marc:subfield code=\"a\">fre</marc:subfield>\n    </marc:datafield>\n    <marc:datafield tag=\"102\" ind1=\" \" ind2=\" \">\n      <marc:subfield code=\"a\">FR</marc:subfield>\n    </marc:datafield>\n    <marc:datafield tag=\"104\" ind1=\" \" ind2=\" \">\n      <marc:subfield code=\"a\">d2021</marc:subfield>\n    </marc:datafield>\n    <marc:datafield tag=\"105\" ind1=\" \" ind2=\" \">\n      <marc:subfield code=\"a\">ba</marc:subfield>\n    </marc:datafield>\n    <marc:datafield tag=\"145\" ind1=\" \" ind2=\" \">\n      <marc:subfield code=\"a\">i</marc:subfield>\n      <marc:subfield code=\"b\">axxe</marc:subfield>\n    </marc:datafield>\n    <marc:datafield tag=\"152\" ind1=\" \" ind2=\" \">\n      <marc:subfield code=\"a\">RDA-FR</marc:subfield>\n    </marc:datafield>\n    <marc:datafield tag=\"154\" ind1=\" \" ind2=\" \">\n      <marc:subfield code=\"a\">xb</marc:subfield>\n    </marc:datafield>\n    <marc:datafield tag=\"242\" ind1=\" \" ind2=\"1\">\n      <marc:subfield code=\"3\">UMLRM0010</marc:subfield>\n      <marc:subfield code=\"7\">ba0yba0y</marc:subfield>\n      <marc:subfield code=\"8\">frefre</marc:subfield>\n      <marc:subfield code=\"a\">Palma, Paola (1971-&#8230;.)</marc:subfield>\n      <marc:subfield code=\"a\">Vezyroglou, Dimitri (1970-&#8230;.)</marc:subfield>\n      <marc:subfield code=\"t\">\"Nosferatu le vampire\"</marc:subfield>\n      <marc:subfield code=\"m\">Fran&#231;ais</marc:subfield>\n      <marc:subfield code=\"n\">Texte not&#233;</marc:subfield>\n    </marc:datafield>\n    <marc:datafield tag=\"640\" ind1=\"6\" ind2=\" \">\n      <marc:subfield code=\"0\">Date de premi&#232;re publication</marc:subfield>\n      <marc:subfield code=\"f\">#2021#####</marc:subfield>\n    </marc:datafield>\n    <marc:datafield tag=\"801\" ind1=\" \" ind2=\"0\">\n      <marc:subfield code=\"a\">FR</marc:subfield>\n      <marc:subfield code=\"b\">FR-751052119</marc:subfield>\n      <marc:subfield code=\"c\">20220927</marc:subfield>\n    </marc:datafield>\n    <marc:datafield tag=\"810\" ind1=\" \" ind2=\" \">\n      <marc:subfield code=\"a\">\"Nosferatu le vampire\" / Paola Palma, Dimitri Vezyroglou. &#8211; Neuilly : Atlande, DL 2021. &#8211; [Texte not&#233; : sans m&#233;diation]. &#8211; ISBN 978-2-35030-689-6</marc:subfield>\n    </marc:datafield>\n  </marc:record>\n  ",
    "init_type": "oe",
    "id": "UMLRM0011",
    "txt": "\n000    00692cx  h2200193   4500\n001    UMLRM0011\n005    20220927######.D\n100    $a 20220927afrey50      ba0\n101 0  $a fre\n102    $a FR\n104    $a d2021\n105    $a ba\n145    $a i $b axxe\n152    $a RDA-FR\n154    $a xb\n242  1 $3 UMLRM0010 $7 ba0yba0y $8 frefre $a Palma, Paola (1971-\u2026.) $a Vezyroglou, Dimitri (1970-\u2026.) $t \"Nosferatu le vampire\" $m Fran\u00e7ais $n Texte not\u00e9\n640 6  $0 Date de premi\u00e8re publication $f #2021#####\n801  0 $a FR $b FR-751052119 $c 20220927\n810    $a \"Nosferatu le vampire\" / Paola Palma, Dimitri Vezyroglou. \u2013 Neuilly : Atlande, DL 2021. \u2013 [Texte not\u00e9 : sans m\u00e9diation]. \u2013 ISBN 978-2-35030-689-6",
    "self_index": [
        "palma paola 1971 $?vezyroglou dimitri 1970 nosferatu le vampire",
        "nosferatu le vampire paola palma dimitri vezyroglou neuilly atlande dl 2021 texte note sans mediation isbn 978 35030 689",
        "palma paola 1971 $?vezyroglou dimitri 1970 nosferatu le vampire",
        "nosferatu le vampire paola palma dimitri vezyroglou neuilly atlande dl 2021 texte note sans mediation isbn 978 35030 689"
    ],
    "linked_entities_index": [
        "palma paola 1971 vezyroglou dimitri 1970 nosferatu le vampire francais texte note",
        "nosferatu le vampire paola palma dimitri vezyroglou",
        "neuilly atlande dl 2021",
        "clefs concours",
        "nosferatu le vampire paola palma dimitri vezyroglou",
        "neuilly atlande dl 2021",
        "clefs concours",
        "bibliographie pages $?webliographie pages $?filmographie pages $?glossaire"
    ],
    "resp_index": [],
    "linked_resp_index": [
        "palma paola",
        "vezyroglou dimitri"
    ],
    "global_index": "nosferatu le vampire paola palma dimitri vezyroglou neuilly atlande dl 2021 bibliographie pages $?webliographie pages $?filmographie pages $?glossaire vezyroglou dimitri clefs concours nosferatu le vampire paola palma dimitri vezyroglou neuilly atlande dl 2021 texte note sans mediation isbn 978 35030 689 palma paola 1971 vezyroglou dimitri 1970 nosferatu le vampire francais texte note palma paola 1971 $?vezyroglou dimitri 1970 nosferatu le vampire palma paola",
    "type": "e",
    "label": "Palma, Paola (1971-\u2026.) - Vezyroglou, Dimitri (1970-\u2026.), \"Nosferatu le vampire\", Fran\u00e7ais, Texte not\u00e9",
    "label_html": "Palma, Paola (1971-\u2026.) - Vezyroglou, Dimitri (1970-\u2026.), \"Nosferatu le vampire\", Fran\u00e7ais <img src='icons/Texte not\u00e9.png' alt='[Texte not\u00e9]' title='Texte not\u00e9'/>",
    "splitted_label": "Palma, Paola\n(1971-\u2026.) -\nVezyroglou, Dimitri\n(1970-\u2026.),\n\"Nosferatu le\nvampire\", Fran\u00e7ais,\nTexte not\u00e9",
    "stats_zones": {
        "001": 1,
        "005": 1,
        "100": 1,
        "101": 1,
        "102": 1,
        "104": 1,
        "105": 1,
        "145": 1,
        "152": 1,
        "154": 1,
        "242": 1,
        "640": 1,
        "801": 1,
        "810": 1
    },
    "resp": {},
    "respIds": [],
    "toOeuvres": {
        "UMLRM0010": "Palma, Paola (1971-\u2026.) - Vezyroglou, Dimitri (1970-\u2026.), \"Nosferatu le vampire\""
    },
    "toExpressions": {},
    "toManifs": {
        "UMLRM0012": "\"Nosferatu le vampire, Paola Palma, Dimitri Vezyroglou, Atlande, DL 2021, 1 volume (221 pages)"
    },
    "manifsYears": [
        2021
    ],
    "toItems": {
        "UMLRM1003": "BM_CELESTEVILLE > ADULTES > COTE_UMLRM1003"
    },
    "other_expressions": {},
    "repr": "id : UMLRM0011\ntype initial : oe ; type : e\nlabel : Palma, Paola (1971-\u2026.) - Vezyroglou, Dimitri (1970-\u2026.), \"Nosferatu le vampire\", Fran\u00e7ais, Texte not\u00e9\n\nNotice : \n000    00692cx  h2200193   4500\n001    UMLRM0011\n005    20220927######.D\n100    $a 20220927afrey50      ba0\n101 0  $a fre\n102    $a FR\n104    $a d2021\n105    $a ba\n145    $a i $b axxe\n152    $a RDA-FR\n154    $a xb\n242  1 $3 UMLRM0010 $7 ba0yba0y $8 frefre $a Palma, Paola (1971-\u2026.) $a Vezyroglou, Dimitri (1970-\u2026.) $t \"Nosferatu le vampire\" $m Fran\u00e7ais $n Texte not\u00e9\n640 6  $0 Date de premi\u00e8re publication $f #2021#####\n801  0 $a FR $b FR-751052119 $c 20220927\n810    $a \"Nosferatu le vampire\" / Paola Palma, Dimitri Vezyroglou. \u2013 Neuilly : Atlande, DL 2021. \u2013 [Texte not\u00e9 : sans m\u00e9diation]. \u2013 ISBN 978-2-35030-689-6 \n\nXML : <Element {http://www.loc.gov/MARC21/slim}record at 0x257c06e3b00>\nIndexation : palma paola 1971 $?vezyroglou dimitri 1970 nosferatu le vampire nosferatu le vampire paola palma dimitri vezyroglou neuilly atlande dl 2021 texte note sans mediation isbn 978 35030 689",
    "lang": [
        "fre"
    ],
    "expressionContentType": "Texte not\u00e9",
    "exprContentType": "Texte not\u00e9",
    "exprResp": [],
    "detailed": "\n\nDate de premi\u00e8re publication : 2021",
    "detailed_sup": "Description : Bibliographie (8 pages). Webliographie (2 pages). Filmographie (3 pages). Glossaire\n\n\nDate de premi\u00e8re publication : 2021\n",
    "rebonds": "",
    "rebondids": [],
    "other_works_expressions": null
}