{
    "xml": "<marc:record xmlns:marc=\"http://www.loc.gov/MARC21/slim\">\n    <marc:leader>01076nx  h2200229   4500</marc:leader>\n    <marc:controlfield tag=\"001\">UMLRM0032</marc:controlfield>\n    <marc:datafield tag=\"100\" ind1=\" \" ind2=\" \">\n      <marc:subfield code=\"a\">20221024afrey50      ba0</marc:subfield>\n    </marc:datafield>\n    <marc:datafield tag=\"101\" ind1=\"2\" ind2=\" \">\n      <marc:subfield code=\"a\">fre</marc:subfield>\n      <marc:subfield code=\"c\">eng</marc:subfield>\n    </marc:datafield>\n    <marc:datafield tag=\"102\" ind1=\" \" ind2=\" \">\n      <marc:subfield code=\"a\">FR</marc:subfield>\n    </marc:datafield>\n    <marc:datafield tag=\"104\" ind1=\" \" ind2=\" \">\n      <marc:subfield code=\"a\">d2014</marc:subfield>\n    </marc:datafield>\n    <marc:datafield tag=\"105\" ind1=\" \" ind2=\" \">\n      <marc:subfield code=\"a\">ba</marc:subfield>\n    </marc:datafield>\n    <marc:datafield tag=\"145\" ind1=\"0\" ind2=\" \">\n      <marc:subfield code=\"a\">i</marc:subfield>\n      <marc:subfield code=\"b\">axxe</marc:subfield>\n    </marc:datafield>\n    <marc:datafield tag=\"145\" ind1=\"0\" ind2=\" \">\n      <marc:subfield code=\"a\">b1</marc:subfield>\n      <marc:subfield code=\"b\">xb2e</marc:subfield>\n    </marc:datafield>\n    <marc:datafield tag=\"147\" ind1=\"0\" ind2=\" \">\n      <marc:subfield code=\"a\">a</marc:subfield>\n    </marc:datafield>\n    <marc:datafield tag=\"152\" ind1=\" \" ind2=\" \">\n      <marc:subfield code=\"a\">RDA-FR</marc:subfield>\n    </marc:datafield>\n    <marc:datafield tag=\"154\" ind1=\" \" ind2=\" \">\n      <marc:subfield code=\"a\">xb</marc:subfield>\n    </marc:datafield>\n    <marc:datafield tag=\"242\" ind1=\" \" ind2=\"1\">\n      <marc:subfield code=\"3\">UMLRM0031</marc:subfield>\n      <marc:subfield code=\"7\">ba0yba0y</marc:subfield>\n      <marc:subfield code=\"8\">freeng</marc:subfield>\n      <marc:subfield code=\"a\">Stoker, Bram (1847-1912)</marc:subfield>\n      <marc:subfield code=\"t\">Dracula</marc:subfield>\n      <marc:subfield code=\"c\">Choix</marc:subfield>\n      <marc:subfield code=\"k\">Bruneel-Ziane</marc:subfield>\n      <marc:subfield code=\"m\">Fran&#231;ais</marc:subfield>\n      <marc:subfield code=\"w\">Molitor</marc:subfield>\n      <marc:subfield code=\"n\">Texte not&#233;</marc:subfield>\n    </marc:datafield>\n    <marc:datafield tag=\"502\" ind1=\" \" ind2=\"1\">\n      <marc:subfield code=\"3\">12626285</marc:subfield>\n      <marc:subfield code=\"7\">ba0yba0y</marc:subfield>\n      <marc:subfield code=\"8\">frefre</marc:subfield>\n      <marc:subfield code=\"o\">ISNI 0000 0000 0891 6874</marc:subfield>\n      <marc:subfield code=\"a\">Molitor</marc:subfield>\n      <marc:subfield code=\"b\">Lucienne</marc:subfield>\n      <marc:subfield code=\"4\">730</marc:subfield>\n    </marc:datafield>\n    <marc:datafield tag=\"542\" ind1=\" \" ind2=\"1\">\n      <marc:subfield code=\"5\">xxp</marc:subfield>\n      <marc:subfield code=\"p\">Est une s&#233;lection de [expression]</marc:subfield>\n      <marc:subfield code=\"3\">UMLRM0020</marc:subfield>\n      <marc:subfield code=\"7\">ba0yba0y</marc:subfield>\n      <marc:subfield code=\"8\">freeng</marc:subfield>\n      <marc:subfield code=\"a\">Stoker, Bram (1847-1912)</marc:subfield>\n      <marc:subfield code=\"t\">Dracula</marc:subfield>\n      <marc:subfield code=\"m\">Fran&#231;ais</marc:subfield>\n      <marc:subfield code=\"w\">Molitor</marc:subfield>\n      <marc:subfield code=\"n\">Texte not&#233;</marc:subfield>\n    </marc:datafield>\n    <marc:datafield tag=\"640\" ind1=\"6\" ind2=\" \">\n      <marc:subfield code=\"0\">Date de premi&#232;re publication</marc:subfield>\n      <marc:subfield code=\"f\">#2014#####</marc:subfield>\n    </marc:datafield>\n    <marc:datafield tag=\"801\" ind1=\" \" ind2=\"0\">\n      <marc:subfield code=\"a\">FR</marc:subfield>\n      <marc:subfield code=\"b\">FR-751131010</marc:subfield>\n      <marc:subfield code=\"c\">20221024</marc:subfield>\n      <marc:subfield code=\"g\">RDA-FR</marc:subfield>\n    </marc:datafield>\n    <marc:datafield tag=\"810\" ind1=\" \" ind2=\" \">\n      <marc:subfield code=\"a\">Dracula / Bram Stoker ; traduction de Lucienne Molitor ; choix des extraits et appareil p&#233;dagogique &#233;tabli par Nadia Bruneel-Ziane,... ; lexique &#233;tabli par Mich&#232;le Sendre. &#8211; [Paris] : Magnard, impr. 2014. &#8211; [Texte not&#233; : sans m&#233;diation]. &#8211; ISBN 978-2-210-74066-2</marc:subfield>\n    </marc:datafield>\n  </marc:record>\n  ",
    "init_type": "oe",
    "id": "UMLRM0032",
    "txt": "\n000    01076nx  h2200229   4500\n001    UMLRM0032\n100    $a 20221024afrey50      ba0\n101 2  $a fre $c eng\n102    $a FR\n104    $a d2014\n105    $a ba\n145 0  $a i $b axxe\n145 0  $a b1 $b xb2e\n147 0  $a a\n152    $a RDA-FR\n154    $a xb\n242  1 $3 UMLRM0031 $7 ba0yba0y $8 freeng $a Stoker, Bram (1847-1912) $t Dracula $c Choix $k Bruneel-Ziane $m Fran\u00e7ais $w Molitor $n Texte not\u00e9\n502  1 $3 12626285 $7 ba0yba0y $8 frefre $o ISNI 0000 0000 0891 6874 $a Molitor $b Lucienne $4 730\n542  1 $5 xxp $p Est une s\u00e9lection de [expression] $3 UMLRM0020 $7 ba0yba0y $8 freeng $a Stoker, Bram (1847-1912) $t Dracula $m Fran\u00e7ais $w Molitor $n Texte not\u00e9\n640 6  $0 Date de premi\u00e8re publication $f #2014#####\n801  0 $a FR $b FR-751131010 $c 20221024 $g RDA-FR\n810    $a Dracula / Bram Stoker ; traduction de Lucienne Molitor ; choix des extraits et appareil p\u00e9dagogique \u00e9tabli par Nadia Bruneel-Ziane,... ; lexique \u00e9tabli par Mich\u00e8le Sendre. \u2013 [Paris] : Magnard, impr. 2014. \u2013 [Texte not\u00e9 : sans m\u00e9diation]. \u2013 ISBN 978-2-210-74066-2",
    "self_index": [
        "stoker bram 1847 1912 dracula",
        "dracula bram stoker traduction de lucienne molitor choix des extraits et appareil pedagogique etabli par nadia bruneel ziane lexique etabli par michele sendre paris magnard impr 2014 texte note sans mediation isbn 978 210 74066",
        "stoker bram 1847 1912 dracula",
        "dracula bram stoker traduction de lucienne molitor choix des extraits et appareil pedagogique etabli par nadia bruneel ziane lexique etabli par michele sendre paris magnard impr 2014 texte note sans mediation isbn 978 210 74066"
    ],
    "linked_entities_index": [
        "stoker bram 1847 1912 dracula choix bruneel ziane francais molitor texte note",
        "dracula extraits choisis bram stoker traduction de lucienne molitor choix des extraits et appareil pedagogique etabli par nadia bruneel ziane lexique etabli par michele sendre",
        "paris magnard$? italie 2014",
        "classiques patrimoine",
        "dracula extraits choisis bram stoker traduction de lucienne molitor choix des extraits et appareil pedagogique etabli par nadia bruneel ziane lexique etabli par michele sendre",
        "paris magnard$? italie 2014",
        "classiques patrimoine",
        "choix d'extraits signalant les passages supprimes et resumant l'intrigue entre deux extraits$?accompagne d'un dossier comprenant notamment une presentation de l'auteur et de son oeuvre en contexte une etude de l'oeuvre selon thematiques et un lexique etabli par michele sendre$?illustrations$?complete par des ressources pedagogiques destination des enseignants fiches d'activite dracula entrer dans l'oeuvre et dracula histoire des arts et un livre du professeur disponibles sur le site de l'editeur"
    ],
    "resp_index": [
        "molitor lucienne",
        "molitor lucienne"
    ],
    "linked_resp_index": [
        "stoker bram",
        "ziane bruneel nadia",
        "sendre haidar michele"
    ],
    "global_index": "sendre haidar michele dracula bram stoker traduction de lucienne molitor choix des extraits et appareil pedagogique etabli par nadia bruneel ziane lexique etabli par michele sendre paris magnard impr 2014 texte note sans mediation isbn 978 210 74066 ziane bruneel nadia classiques patrimoine stoker bram paris magnard$? italie 2014 stoker bram 1847 1912 dracula choix bruneel ziane francais molitor texte note molitor lucienne choix d'extraits signalant les passages supprimes et resumant l'intrigue entre deux extraits$?accompagne d'un dossier comprenant notamment une presentation de l'auteur et de son oeuvre en contexte une etude de l'oeuvre selon thematiques et un lexique etabli par michele sendre$?illustrations$?complete par des ressources pedagogiques destination des enseignants fiches d'activite dracula entrer dans l'oeuvre et dracula histoire des arts et un livre du professeur disponibles sur le site de l'editeur dracula extraits choisis bram stoker traduction de lucienne molitor choix des extraits et appareil pedagogique etabli par nadia bruneel ziane lexique etabli par michele sendre stoker bram 1847 1912 dracula",
    "type": "e",
    "label": "Stoker, Bram (1847-1912), Choix, Dracula, Fran\u00e7ais, Molitor, Texte not\u00e9",
    "label_html": "Stoker, Bram (1847-1912), Choix, Dracula, Fran\u00e7ais, Molitor <img src='icons/Texte not\u00e9.png' alt='[Texte not\u00e9]' title='Texte not\u00e9'/>",
    "splitted_label": "Stoker, Bram\n(1847-1912), Choix,\nDracula, Fran\u00e7ais,\nMolitor, Texte not\u00e9",
    "stats_zones": {
        "001": 1,
        "100": 1,
        "101": 1,
        "102": 1,
        "104": 1,
        "105": 1,
        "145": 2,
        "147": 1,
        "152": 1,
        "154": 1,
        "242": 1,
        "502": 1,
        "542": 1,
        "640": 1,
        "801": 1,
        "810": 1
    },
    "resp": {
        "Molitor, Lucienne": [
            "Traducteur"
        ]
    },
    "respIds": [
        "12626285"
    ],
    "toOeuvres": {
        "UMLRM0031": "Stoker, Bram (1847-1912), Choix, Dracula"
    },
    "toExpressions": {},
    "toManifs": {
        "UMLRM0033": "Dracula, Bram Stoker, Magnard, 2014, 1 volume (217 pages), couverture illustr\u00e9e"
    },
    "manifsYears": [
        2014
    ],
    "toItems": {
        "UMLRM1010": "BM_CELESTEVILLE > JEUNESSE > COTE_UMLRM1010"
    },
    "other_expressions": {
        "UMLRM0005": "Stoker, Bram (1847-1912), Dracula, Anglais, Texte not\u00e9 [Stoker, Bram (1847-1912), Dracula]",
        "UMLRM0020": "Stoker, Bram (1847-1912), Dracula, Fran\u00e7ais, Molitor, Texte not\u00e9 [Stoker, Bram (1847-1912), Dracula]",
        "UMLRM0041": "Stoker, Bram (1847-1912), Dracula, Fran\u00e7ais, Sirgent, Texte not\u00e9 [Stoker, Bram (1847-1912), Dracula]",
        "UMLRM0050": "Stoker, Bram (1847-1912), Dracula, Fran\u00e7ais, Finn\u00e9, Texte not\u00e9 [Stoker, Bram (1847-1912), Dracula]",
        "UMLRM0053": "Stoker, Bram (1847-1912), Dracula, Fran\u00e7ais, Chicheportiche, Texte not\u00e9 [Stoker, Bram (1847-1912), Dracula]",
        "UMLRM0056": "Stoker, Bram (1847-1912), Dracula, Fran\u00e7ais, Paul-Margueritte, Texte not\u00e9 [Stoker, Bram (1847-1912), Dracula]",
        "UMLRM0059": "Stoker, Bram (1847-1912), Dracula, Fran\u00e7ais, Paul-Margueritte, Texte not\u00e9 [Stoker, Bram (1847-1912), Dracula]",
        "UMLRM0065": "Stoker, Bram (1847-1912), Dracula, Espagnol, Texte not\u00e9 [Stoker, Bram (1847-1912), Dracula]",
        "UMLRM0068": "Stoker, Bram (1847-1912), Dracula, Fran\u00e7ais, Molitor - Moissard, Texte not\u00e9 [Stoker, Bram (1847-1912), Dracula]",
        "UMLRM0187": "Stoker, Bram (1847-1912), Dracula, Fran\u00e7ais, Parole \u00e9nonc\u00e9e [Stoker, Bram (1847-1912), Dracula]"
    },
    "repr": "id : UMLRM0032\ntype initial : oe ; type : e\nlabel : Stoker, Bram (1847-1912), Choix, Dracula, Fran\u00e7ais, Molitor, Texte not\u00e9\n\nNotice : \n000    01076nx  h2200229   4500\n001    UMLRM0032\n100    $a 20221024afrey50      ba0\n101 2  $a fre $c eng\n102    $a FR\n104    $a d2014\n105    $a ba\n145 0  $a i $b axxe\n145 0  $a b1 $b xb2e\n147 0  $a a\n152    $a RDA-FR\n154    $a xb\n242  1 $3 UMLRM0031 $7 ba0yba0y $8 freeng $a Stoker, Bram (1847-1912) $t Dracula $c Choix $k Bruneel-Ziane $m Fran\u00e7ais $w Molitor $n Texte not\u00e9\n502  1 $3 12626285 $7 ba0yba0y $8 frefre $o ISNI 0000 0000 0891 6874 $a Molitor $b Lucienne $4 730\n542  1 $5 xxp $p Est une s\u00e9lection de [expression] $3 UMLRM0020 $7 ba0yba0y $8 freeng $a Stoker, Bram (1847-1912) $t Dracula $m Fran\u00e7ais $w Molitor $n Texte not\u00e9\n640 6  $0 Date de premi\u00e8re publication $f #2014#####\n801  0 $a FR $b FR-751131010 $c 20221024 $g RDA-FR\n810    $a Dracula / Bram Stoker ; traduction de Lucienne Molitor ; choix des extraits et appareil p\u00e9dagogique \u00e9tabli par Nadia Bruneel-Ziane,... ; lexique \u00e9tabli par Mich\u00e8le Sendre. \u2013 [Paris] : Magnard, impr. 2014. \u2013 [Texte not\u00e9 : sans m\u00e9diation]. \u2013 ISBN 978-2-210-74066-2 \n\nXML : <Element {http://www.loc.gov/MARC21/slim}record at 0x257c06e3c00>\nIndexation : dracula bram stoker traduction de lucienne molitor choix des extraits et appareil pedagogique etabli par nadia bruneel ziane lexique etabli par michele sendre paris magnard impr 2014 texte note sans mediation isbn 978 210 74066 molitor lucienne stoker bram 1847 1912 dracula",
    "lang": [
        "fre"
    ],
    "expressionContentType": "Texte not\u00e9",
    "exprContentType": "Texte not\u00e9",
    "exprResp": [
        "Molitor, Lucienne (Traducteur)"
    ],
    "detailed": "\n\nDate de premi\u00e8re publication : 2014",
    "detailed_sup": "Description : Choix d\u2019extraits signalant les passages supprim\u00e9s et r\u00e9sumant l\u2019intrigue entre deux extraits. Accompagn\u00e9 d\u2019un dossier comprenant notamment une pr\u00e9sentation de l\u2019auteur et de son \u0153uvre en contexte, une \u00e9tude de l\u2019\u0153uvre selon 5 th\u00e9matiques et un lexique \u00e9tabli par Mich\u00e8le Sendre. Illustrations. Compl\u00e9t\u00e9 par des ressources p\u00e9dagogiques \u00e0 destination des enseignants : 2 fiches d\u2019activit\u00e9 (\u00ab Dracula : entrer dans l\u2019\u0153uvre \u00bb et \u00ab Dracula : histoire des arts \u00bb) et un livre du professeur disponibles sur le site de l\u2019\u00e9diteur\n\n\nDate de premi\u00e8re publication : 2014\n",
    "rebonds": "",
    "rebondids": [],
    "other_works_expressions": null
}