{
    "xml": "<marc:record xmlns:marc=\"http://www.loc.gov/MARC21/slim\">\n    <marc:leader>01072nx  h2200229   4500</marc:leader>\n    <marc:controlfield tag=\"001\">UMLRM0172</marc:controlfield>\n    <marc:datafield tag=\"100\" ind1=\" \" ind2=\" \">\n      <marc:subfield code=\"a\">20221005afrey50      ba0</marc:subfield>\n    </marc:datafield>\n    <marc:datafield tag=\"101\" ind1=\"2\" ind2=\" \">\n      <marc:subfield code=\"a\">fre</marc:subfield>\n      <marc:subfield code=\"c\">eng</marc:subfield>\n    </marc:datafield>\n    <marc:datafield tag=\"102\" ind1=\" \" ind2=\" \">\n      <marc:subfield code=\"a\">FR</marc:subfield>\n    </marc:datafield>\n    <marc:datafield tag=\"104\" ind1=\" \" ind2=\" \">\n      <marc:subfield code=\"a\">d2004</marc:subfield>\n    </marc:datafield>\n    <marc:datafield tag=\"105\" ind1=\" \" ind2=\" \">\n      <marc:subfield code=\"a\">ba</marc:subfield>\n    </marc:datafield>\n    <marc:datafield tag=\"145\" ind1=\"0\" ind2=\" \">\n      <marc:subfield code=\"a\">i</marc:subfield>\n      <marc:subfield code=\"b\">axxe</marc:subfield>\n    </marc:datafield>\n    <marc:datafield tag=\"145\" ind1=\"0\" ind2=\" \">\n      <marc:subfield code=\"a\">b1</marc:subfield>\n      <marc:subfield code=\"b\">xb2e</marc:subfield>\n    </marc:datafield>\n    <marc:datafield tag=\"147\" ind1=\"0\" ind2=\" \">\n      <marc:subfield code=\"a\">a</marc:subfield>\n    </marc:datafield>\n    <marc:datafield tag=\"152\" ind1=\" \" ind2=\" \">\n      <marc:subfield code=\"a\">RDA-FR</marc:subfield>\n    </marc:datafield>\n    <marc:datafield tag=\"154\" ind1=\" \" ind2=\" \">\n      <marc:subfield code=\"a\">xb</marc:subfield>\n    </marc:datafield>\n    <marc:datafield tag=\"242\" ind1=\" \" ind2=\"1\">\n      <marc:subfield code=\"3\">UMLRM0037</marc:subfield>\n      <marc:subfield code=\"7\">ba0yba0y</marc:subfield>\n      <marc:subfield code=\"8\">freeng</marc:subfield>\n      <marc:subfield code=\"a\">Stoker, Bram (1847-1912)</marc:subfield>\n      <marc:subfield code=\"t\">Dracula</marc:subfield>\n      <marc:subfield code=\"c\">Choix</marc:subfield>\n      <marc:subfield code=\"k\">Cassou-Nogu&#232;s ; Langenhagen</marc:subfield>\n      <marc:subfield code=\"m\">Fran&#231;ais</marc:subfield>\n      <marc:subfield code=\"w\">Finn&#233;</marc:subfield>\n      <marc:subfield code=\"n\">Texte not&#233;</marc:subfield>\n      <marc:subfield code=\"o\">2004</marc:subfield>\n    </marc:datafield>\n    <marc:datafield tag=\"502\" ind1=\" \" ind2=\"1\">\n      <marc:subfield code=\"3\">11902797</marc:subfield>\n      <marc:subfield code=\"7\">ba0yba0y</marc:subfield>\n      <marc:subfield code=\"8\">frefre</marc:subfield>\n      <marc:subfield code=\"o\">ISNI0000 0001 2023 6609</marc:subfield>\n      <marc:subfield code=\"a\">Finn&#233;</marc:subfield>\n      <marc:subfield code=\"b\">Jacques</marc:subfield>\n      <marc:subfield code=\"f\">1944-....</marc:subfield>\n      <marc:subfield code=\"4\">730</marc:subfield>\n    </marc:datafield>\n    <marc:datafield tag=\"542\" ind1=\" \" ind2=\"1\">\n      <marc:subfield code=\"5\">xxp</marc:subfield>\n      <marc:subfield code=\"p\">Est une s&#233;lection de [expression]</marc:subfield>\n      <marc:subfield code=\"3\">UMLRM0050</marc:subfield>\n      <marc:subfield code=\"7\">ba0yba0y</marc:subfield>\n      <marc:subfield code=\"8\">freeng</marc:subfield>\n      <marc:subfield code=\"a\">Stoker, Bram (1847-1912)</marc:subfield>\n      <marc:subfield code=\"t\">Dracula</marc:subfield>\n      <marc:subfield code=\"m\">Fran&#231;ais</marc:subfield>\n      <marc:subfield code=\"w\">Finn&#233;</marc:subfield>\n      <marc:subfield code=\"n\">Texte not&#233;</marc:subfield>\n    </marc:datafield>\n    <marc:datafield tag=\"640\" ind1=\"6\" ind2=\" \">\n      <marc:subfield code=\"0\">Date de premi&#232;re publication</marc:subfield>\n      <marc:subfield code=\"f\">#2004#####</marc:subfield>\n    </marc:datafield>\n    <marc:datafield tag=\"801\" ind1=\" \" ind2=\"0\">\n      <marc:subfield code=\"a\">FR</marc:subfield>\n      <marc:subfield code=\"b\">FR-751131010</marc:subfield>\n      <marc:subfield code=\"c\">20221005</marc:subfield>\n    </marc:datafield>\n    <marc:datafield tag=\"810\" ind1=\" \" ind2=\" \">\n      <marc:subfield code=\"a\">Dracula / Bram Stoker ; traduction par Jacques Finn&#233; ; pr&#233;sentation, notes, choix des extraits et dossier par Anne Cassou-Nogu&#232;s et Marie-Ande de Langenhagen. &#8211; Paris : Flammarion, 2004. &#8211; [Texte not&#233; : sans m&#233;diation]. &#8211; ISBN 2-08-072188-7</marc:subfield>\n    </marc:datafield>\n  </marc:record>\n  ",
    "init_type": "oe",
    "id": "UMLRM0172",
    "txt": "\n000    01072nx  h2200229   4500\n001    UMLRM0172\n100    $a 20221005afrey50      ba0\n101 2  $a fre $c eng\n102    $a FR\n104    $a d2004\n105    $a ba\n145 0  $a i $b axxe\n145 0  $a b1 $b xb2e\n147 0  $a a\n152    $a RDA-FR\n154    $a xb\n242  1 $3 UMLRM0037 $7 ba0yba0y $8 freeng $a Stoker, Bram (1847-1912) $t Dracula $c Choix $k Cassou-Nogu\u00e8s ; Langenhagen $m Fran\u00e7ais $w Finn\u00e9 $n Texte not\u00e9 $o 2004\n502  1 $3 11902797 $7 ba0yba0y $8 frefre $o ISNI0000 0001 2023 6609 $a Finn\u00e9 $b Jacques $f 1944-.... $4 730\n542  1 $5 xxp $p Est une s\u00e9lection de [expression] $3 UMLRM0050 $7 ba0yba0y $8 freeng $a Stoker, Bram (1847-1912) $t Dracula $m Fran\u00e7ais $w Finn\u00e9 $n Texte not\u00e9\n640 6  $0 Date de premi\u00e8re publication $f #2004#####\n801  0 $a FR $b FR-751131010 $c 20221005\n810    $a Dracula / Bram Stoker ; traduction par Jacques Finn\u00e9 ; pr\u00e9sentation, notes, choix des extraits et dossier par Anne Cassou-Nogu\u00e8s et Marie-Ande de Langenhagen. \u2013 Paris : Flammarion, 2004. \u2013 [Texte not\u00e9 : sans m\u00e9diation]. \u2013 ISBN 2-08-072188-7",
    "self_index": [
        "stoker bram 1847 1912 dracula",
        "dracula bram stoker traduction par jacques finne presentation notes choix des extraits et dossier par anne cassou nogues et marie ande de langenhagen paris flammarion 2004 texte note sans mediation isbn 08 072188",
        "stoker bram 1847 1912 dracula",
        "dracula bram stoker traduction par jacques finne presentation notes choix des extraits et dossier par anne cassou nogues et marie ande de langenhagen paris flammarion 2004 texte note sans mediation isbn 08 072188"
    ],
    "linked_entities_index": [
        "stoker bram 1847 1912 dracula choix cassou nogues langenhagen francais finne texte note 2004",
        "dracula extraits bram stoker traduction par jacques finne presentation notes choix des extraits et dossier par anne cassou nogues et marie aude de langenhagen",
        "paris flammarion 2004$? manchecourt loiret france imprimerie maury eurolivres",
        "etonnants classiques",
        "dracula extraits bram stoker traduction par jacques finne presentation notes choix des extraits et dossier par anne cassou nogues et marie aude de langenhagen",
        "paris flammarion 2004$? manchecourt loiret france imprimerie maury eurolivres",
        "etonnants classiques",
        "edition par extraits conservant la numerotation des chapitres du texte integral et signalant les passages supprimes et resumes$?accompagne d'un dossier comprenant notamment une biographie de l'auteur des reperes chronologiques des elements de contexte historique et culturel un cahier iconographique et une filmographie pages",
        "version abregee un classique du vampirisme"
    ],
    "resp_index": [
        "finne jacques",
        "finne jacques"
    ],
    "linked_resp_index": [
        "stoker bram",
        "cassou nogues anne",
        "langenhagen marie aude de"
    ],
    "global_index": "langenhagen marie aude de finne jacques stoker bram 1847 1912 dracula choix cassou nogues langenhagen francais finne texte note 2004 dracula extraits bram stoker traduction par jacques finne presentation notes choix des extraits et dossier par anne cassou nogues et marie aude de langenhagen edition par extraits conservant la numerotation des chapitres du texte integral et signalant les passages supprimes et resumes$?accompagne d'un dossier comprenant notamment une biographie de l'auteur des reperes chronologiques des elements de contexte historique et culturel un cahier iconographique et une filmographie pages cassou nogues anne version abregee un classique du vampirisme stoker bram dracula bram stoker traduction par jacques finne presentation notes choix des extraits et dossier par anne cassou nogues et marie ande de langenhagen paris flammarion 2004 texte note sans mediation isbn 08 072188 etonnants classiques paris flammarion 2004$? manchecourt loiret france imprimerie maury eurolivres stoker bram 1847 1912 dracula",
    "type": "e",
    "label": "Stoker, Bram (1847-1912), Choix, Dracula, Fran\u00e7ais, Finn\u00e9, Texte not\u00e9",
    "label_html": "Stoker, Bram (1847-1912), Choix, Dracula, Fran\u00e7ais, Finn\u00e9 <img src='icons/Texte not\u00e9.png' alt='[Texte not\u00e9]' title='Texte not\u00e9'/>",
    "splitted_label": "Stoker, Bram\n(1847-1912), Choix,\nDracula, Fran\u00e7ais,\nFinn\u00e9, Texte not\u00e9",
    "stats_zones": {
        "001": 1,
        "100": 1,
        "101": 1,
        "102": 1,
        "104": 1,
        "105": 1,
        "145": 2,
        "147": 1,
        "152": 1,
        "154": 1,
        "242": 1,
        "502": 1,
        "542": 1,
        "640": 1,
        "801": 1,
        "810": 1
    },
    "resp": {
        "Finn\u00e9, Jacques": [
            "Traducteur"
        ]
    },
    "respIds": [
        "11902797"
    ],
    "toOeuvres": {
        "UMLRM0037": "Stoker, Bram (1847-1912), Choix, Dracula"
    },
    "toExpressions": {},
    "toManifs": {
        "UMLRM0173": "Dracula, Bram Stoker, Flammarion - Imprimerie Maury-Eurolivres, 2004, 1 volume (247 pages), couverture illustr\u00e9e"
    },
    "manifsYears": [
        2004
    ],
    "toItems": {
        "UMLRM1050": "BM_CELESTEVILLE > JEUNESSE > COTE_UMLRM1050"
    },
    "other_expressions": {
        "UMLRM0038": "Stoker, Bram (1847-1912), Choix, Dracula, Fran\u00e7ais, Finn\u00e9, Texte not\u00e9 [Stoker, Bram (1847-1912), Choix, Dracula]",
        "UMLRM0047": "Stoker, Bram (1847-1912), Choix, Dracula, Fran\u00e7ais, Finn\u00e9, Texte not\u00e9 [Stoker, Bram (1847-1912), Choix, Dracula]",
        "UMLRM0005": "Stoker, Bram (1847-1912), Dracula, Anglais, Texte not\u00e9 [Stoker, Bram (1847-1912), Dracula]",
        "UMLRM0020": "Stoker, Bram (1847-1912), Dracula, Fran\u00e7ais, Molitor, Texte not\u00e9 [Stoker, Bram (1847-1912), Dracula]",
        "UMLRM0041": "Stoker, Bram (1847-1912), Dracula, Fran\u00e7ais, Sirgent, Texte not\u00e9 [Stoker, Bram (1847-1912), Dracula]",
        "UMLRM0050": "Stoker, Bram (1847-1912), Dracula, Fran\u00e7ais, Finn\u00e9, Texte not\u00e9 [Stoker, Bram (1847-1912), Dracula]",
        "UMLRM0053": "Stoker, Bram (1847-1912), Dracula, Fran\u00e7ais, Chicheportiche, Texte not\u00e9 [Stoker, Bram (1847-1912), Dracula]",
        "UMLRM0056": "Stoker, Bram (1847-1912), Dracula, Fran\u00e7ais, Paul-Margueritte, Texte not\u00e9 [Stoker, Bram (1847-1912), Dracula]",
        "UMLRM0059": "Stoker, Bram (1847-1912), Dracula, Fran\u00e7ais, Paul-Margueritte, Texte not\u00e9 [Stoker, Bram (1847-1912), Dracula]",
        "UMLRM0065": "Stoker, Bram (1847-1912), Dracula, Espagnol, Texte not\u00e9 [Stoker, Bram (1847-1912), Dracula]",
        "UMLRM0068": "Stoker, Bram (1847-1912), Dracula, Fran\u00e7ais, Molitor - Moissard, Texte not\u00e9 [Stoker, Bram (1847-1912), Dracula]",
        "UMLRM0187": "Stoker, Bram (1847-1912), Dracula, Fran\u00e7ais, Parole \u00e9nonc\u00e9e [Stoker, Bram (1847-1912), Dracula]"
    },
    "repr": "id : UMLRM0172\ntype initial : oe ; type : e\nlabel : Stoker, Bram (1847-1912), Choix, Dracula, Fran\u00e7ais, Finn\u00e9, Texte not\u00e9\n\nNotice : \n000    01072nx  h2200229   4500\n001    UMLRM0172\n100    $a 20221005afrey50      ba0\n101 2  $a fre $c eng\n102    $a FR\n104    $a d2004\n105    $a ba\n145 0  $a i $b axxe\n145 0  $a b1 $b xb2e\n147 0  $a a\n152    $a RDA-FR\n154    $a xb\n242  1 $3 UMLRM0037 $7 ba0yba0y $8 freeng $a Stoker, Bram (1847-1912) $t Dracula $c Choix $k Cassou-Nogu\u00e8s ; Langenhagen $m Fran\u00e7ais $w Finn\u00e9 $n Texte not\u00e9 $o 2004\n502  1 $3 11902797 $7 ba0yba0y $8 frefre $o ISNI0000 0001 2023 6609 $a Finn\u00e9 $b Jacques $f 1944-.... $4 730\n542  1 $5 xxp $p Est une s\u00e9lection de [expression] $3 UMLRM0050 $7 ba0yba0y $8 freeng $a Stoker, Bram (1847-1912) $t Dracula $m Fran\u00e7ais $w Finn\u00e9 $n Texte not\u00e9\n640 6  $0 Date de premi\u00e8re publication $f #2004#####\n801  0 $a FR $b FR-751131010 $c 20221005\n810    $a Dracula / Bram Stoker ; traduction par Jacques Finn\u00e9 ; pr\u00e9sentation, notes, choix des extraits et dossier par Anne Cassou-Nogu\u00e8s et Marie-Ande de Langenhagen. \u2013 Paris : Flammarion, 2004. \u2013 [Texte not\u00e9 : sans m\u00e9diation]. \u2013 ISBN 2-08-072188-7 \n\nXML : <Element {http://www.loc.gov/MARC21/slim}record at 0x257c06e5f40>\nIndexation : finne jacques dracula bram stoker traduction par jacques finne presentation notes choix des extraits et dossier par anne cassou nogues et marie ande de langenhagen paris flammarion 2004 texte note sans mediation isbn 08 072188 stoker bram 1847 1912 dracula",
    "lang": [
        "fre"
    ],
    "expressionContentType": "Texte not\u00e9",
    "exprContentType": "Texte not\u00e9",
    "exprResp": [
        "Finn\u00e9, Jacques (Traducteur)"
    ],
    "detailed": "\n\nDate de premi\u00e8re publication : 2004",
    "detailed_sup": "Description : \u00c9dition par extraits conservant la num\u00e9rotation des chapitres du texte int\u00e9gral et signalant les passages supprim\u00e9s et r\u00e9sum\u00e9s. Accompagn\u00e9 d\u2019un dossier comprenant notamment une biographie de l\u2019auteur, des rep\u00e8res chronologiques, des \u00e9l\u00e9ments de contexte historique et culturel, un cahier iconographique et une filmographie (9 pages).\nVersion abr\u00e9g\u00e9e d'un classique du vampirisme.\n\n\nDate de premi\u00e8re publication : 2004\n",
    "rebonds": "",
    "rebondids": [],
    "other_works_expressions": null
}