{
    "xml": "<marc:record xmlns:marc=\"http://www.loc.gov/MARC21/slim\">\n    <marc:leader>01303cx  f2200229   4500</marc:leader>\n    <marc:controlfield tag=\"001\">UMLRM0189</marc:controlfield>\n    <marc:controlfield tag=\"005\">20221004####.D</marc:controlfield>\n    <marc:datafield tag=\"100\" ind1=\" \" ind2=\" \">\n      <marc:subfield code=\"a\">20221004afrey50      ba0</marc:subfield>\n    </marc:datafield>\n    <marc:datafield tag=\"101\" ind1=\"2\" ind2=\" \">\n      <marc:subfield code=\"a\">eng</marc:subfield>\n      <marc:subfield code=\"j\">fre</marc:subfield>\n    </marc:datafield>\n    <marc:datafield tag=\"102\" ind1=\" \" ind2=\" \">\n      <marc:subfield code=\"a\">FR</marc:subfield>\n    </marc:datafield>\n    <marc:datafield tag=\"104\" ind1=\" \" ind2=\" \">\n      <marc:subfield code=\"a\">d2009</marc:subfield>\n    </marc:datafield>\n    <marc:datafield tag=\"105\" ind1=\" \" ind2=\" \">\n      <marc:subfield code=\"a\">ba</marc:subfield>\n    </marc:datafield>\n    <marc:datafield tag=\"127\" ind1=\" \" ind2=\" \">\n      <marc:subfield code=\"a\">012700</marc:subfield>\n    </marc:datafield>\n    <marc:datafield tag=\"145\" ind1=\" \" ind2=\" \">\n      <marc:subfield code=\"a\">b</marc:subfield>\n      <marc:subfield code=\"b\">xa2ae</marc:subfield>\n    </marc:datafield>\n    <marc:datafield tag=\"147\" ind1=\"1\" ind2=\" \">\n      <marc:subfield code=\"a\">g</marc:subfield>\n      <marc:subfield code=\"e\">c</marc:subfield>\n      <marc:subfield code=\"h\">c</marc:subfield>\n    </marc:datafield>\n    <marc:datafield tag=\"152\" ind1=\" \" ind2=\" \">\n      <marc:subfield code=\"a\"> RDA-FR</marc:subfield>\n    </marc:datafield>\n    <marc:datafield tag=\"154\" ind1=\" \" ind2=\" \">\n      <marc:subfield code=\"a\">xb</marc:subfield>\n    </marc:datafield>\n    <marc:datafield tag=\"232\" ind1=\" \" ind2=\" \">\n      <marc:subfield code=\"3\">UMLRM0120</marc:subfield>\n      <marc:subfield code=\"7\">ba0yba0y</marc:subfield>\n      <marc:subfield code=\"8\">freeng</marc:subfield>\n      <marc:subfield code=\"a\">Dracula, dead and loving it</marc:subfield>\n      <marc:subfield code=\"c\">film</marc:subfield>\n      <marc:subfield code=\"m\">Anglais ; sous-titrage optionnel en fran&#231;ais</marc:subfield>\n      <marc:subfield code=\"o\">2009</marc:subfield>\n    </marc:datafield>\n    <marc:datafield tag=\"371\" ind1=\" \" ind2=\" \">\n      <marc:subfield code=\"a\">Encodage du son : Dolby surround 2.0</marc:subfield>\n      <marc:subfield code=\"f\">Version remast&#233;ris&#233;e : nouveau master num&#233;rique haute d&#233;finition</marc:subfield>\n      <marc:subfield code=\"f\">Sous-titrage optionnel en fran&#231;ais</marc:subfield>\n      <marc:subfield code=\"f\">Copyright : Gaumont vid&#233;o, 2009</marc:subfield>\n    </marc:datafield>\n    <marc:datafield tag=\"640\" ind1=\"0\" ind2=\" \">\n      <marc:subfield code=\"0\">Date de copyright</marc:subfield>\n      <marc:subfield code=\"f\">#2009#####</marc:subfield>\n    </marc:datafield>\n    <marc:datafield tag=\"801\" ind1=\" \" ind2=\"0\">\n      <marc:subfield code=\"a\">FR</marc:subfield>\n      <marc:subfield code=\"b\">FR-751052119</marc:subfield>\n      <marc:subfield code=\"c\">20221004</marc:subfield>\n    </marc:datafield>\n    <marc:datafield tag=\"810\" ind1=\" \" ind2=\" \">\n      <marc:subfield code=\"a\"> Dracula, mort et heureux de l'&#234;tre = Dracula dead and loving it / un film de Mel Brooks ; Leslie Nielsen, Peter MacNicol, Steven Weber... [et autres], [acteurs] ; musique, Hummie Mann ; histoire de Rudy De Luca &amp; Steve Haberman ; sc&#233;nario de Mel Brooks &amp; Rudy De Luca &amp; Steve Haberman ; produit et r&#233;alis&#233; par Mel Brooks. &#8211; Neuilly-sur-Seine : Gaumont vid&#233;o [&#233;diteur] ; Boulogne-Billancourt : Paramount home entertainment France [distributeur], 2009. &#8211; [Image anim&#233;e : vid&#233;o]. &#8211; R&#233;f&#233;rence commerciale : FG 315 880 (EDV 1504)</marc:subfield>\n    </marc:datafield>\n  </marc:record>\n  ",
    "init_type": "oe",
    "id": "UMLRM0189",
    "txt": "\n000    01303cx  f2200229   4500\n001    UMLRM0189\n005    20221004####.D\n100    $a 20221004afrey50      ba0\n101 2  $a eng $j fre\n102    $a FR\n104    $a d2009\n105    $a ba\n127    $a 012700\n145    $a b $b xa2ae\n147 1  $a g $e c $h c\n152    $a  RDA-FR\n154    $a xb\n232    $3 UMLRM0120 $7 ba0yba0y $8 freeng $a Dracula, dead and loving it $c film $m Anglais ; sous-titrage optionnel en fran\u00e7ais $o 2009\n371    $a Encodage du son : Dolby surround 2.0 $f Version remast\u00e9ris\u00e9e : nouveau master num\u00e9rique haute d\u00e9finition $f Sous-titrage optionnel en fran\u00e7ais $f Copyright : Gaumont vid\u00e9o, 2009\n640 0  $0 Date de copyright $f #2009#####\n801  0 $a FR $b FR-751052119 $c 20221004\n810    $a  Dracula, mort et heureux de l'\u00eatre = Dracula dead and loving it / un film de Mel Brooks ; Leslie Nielsen, Peter MacNicol, Steven Weber... [et autres], [acteurs] ; musique, Hummie Mann ; histoire de Rudy De Luca & Steve Haberman ; sc\u00e9nario de Mel Brooks & Rudy De Luca & Steve Haberman ; produit et r\u00e9alis\u00e9 par Mel Brooks. \u2013 Neuilly-sur-Seine : Gaumont vid\u00e9o [\u00e9diteur] ; Boulogne-Billancourt : Paramount home entertainment France [distributeur], 2009. \u2013 [Image anim\u00e9e : vid\u00e9o]. \u2013 R\u00e9f\u00e9rence commerciale : FG 315 880 (EDV 1504)",
    "self_index": [
        "dracula dead and loving it",
        "encodage du son dolby surround",
        "dracula mort et heureux de etre dracula dead and loving it un film de mel brooks leslie nielsen peter macnicol steven weber et autres acteurs musique hummie mann histoire de rudy de luca steve haberman scenario de mel brooks rudy de luca steve haberman produit et realise par mel brooks neuilly sur seine gaumont video editeur boulogne billancourt paramount home entertainment france distributeur 2009 image animee video reference commerciale fg 315 880 edv 1504",
        "dracula dead and loving it",
        "encodage du son dolby surround",
        "dracula mort et heureux de etre dracula dead and loving it un film de mel brooks leslie nielsen peter macnicol steven weber et autres acteurs musique hummie mann histoire de rudy de luca steve haberman scenario de mel brooks rudy de luca steve haberman produit et realise par mel brooks neuilly sur seine gaumont video editeur boulogne billancourt paramount home entertainment france distributeur 2009 image animee video reference commerciale fg 315 880 edv 1504"
    ],
    "linked_entities_index": [
        "dracula dead and loving it film anglais sous titrage optionnel en francais 2009",
        "dracula mort et heureux de l'etre dracula dead and loving it un film de mel brooks leslie nielsen peter macnicol steven weber et autres acteurs musique hummie mann histoire de rudy de luca steve haberman scenario de mel brooks rudy de luca steve haberman produit et realise par mel brooks eng",
        "neuilly sur seine gaumont video 2009$? boulogne billancourt paramount home entertainment",
        "commentaires audio de mel brooks et de son equipe version originale sous titree$?bande annonce",
        "dracula mort et heureux de l'etre dracula dead and loving it un film de mel brooks leslie nielsen peter macnicol steven weber et autres acteurs musique hummie mann histoire de rudy de luca steve haberman scenario de mel brooks rudy de luca steve haberman produit et realise par mel brooks eng",
        "neuilly sur seine gaumont video 2009$? boulogne billancourt paramount home entertainment",
        "commentaires audio de mel brooks et de son equipe version originale sous titree$?bande annonce",
        "mel brooks",
        "neuilly sur seine gaumont video 2015 boulogne billancourt paramount home entertainment",
        "mel brooks",
        "neuilly sur seine gaumont video 2015 boulogne billancourt paramount home entertainment",
        "https www wikidata org wiki q1254469",
        "0000 0000 295f 0000 0000 0000",
        "dracula dead and loving it",
        "pastiche inspire du film dracula de 1931 avec bela lugosi realise par tod browning copyright borgo pass productions 1996",
        "le comte dracula achete une abbaye en angleterre avoue londonien thomas renfield se rend dans son lointain et sinistre chateau transylvanien pour lui faire signer les actes notaries dracula hypnotise non sans difficulte son hote et suivi de son nouvel esclave arrive en angleterre equipage du vaisseau trouve la mort durant la traversee renfield seul survivant est enferme dans asile du docteur seward deux pas de abbaye ou est installe le vampire opera dracula fait la connaissance de la fille du docteur seward mina de son fiance jonathan harker et de lucy une amie du couple le soir meme il vide lucy de son sang"
    ],
    "resp_index": [],
    "linked_resp_index": [
        "brooks mel",
        "gaumont video",
        "gaumont video",
        "brooks mel",
        "de luca rudy",
        "haberman steve",
        "nielsen leslie",
        "macnicol peter",
        "weber steven",
        "mann hummie",
        "brooksfilms firme",
        "gaumont",
        "castle rock entertainment"
    ],
    "global_index": "le comte dracula achete une abbaye en angleterre avoue londonien thomas renfield se rend dans son lointain et sinistre chateau transylvanien pour lui faire signer les actes notaries dracula hypnotise non sans difficulte son hote et suivi de son nouvel esclave arrive en angleterre equipage du vaisseau trouve la mort durant la traversee renfield seul survivant est enferme dans asile du docteur seward deux pas de abbaye ou est installe le vampire opera dracula fait la connaissance de la fille du docteur seward mina de son fiance jonathan harker et de lucy une amie du couple le soir meme il vide lucy de son sang encodage du son dolby surround weber steven de luca rudy mann hummie castle rock entertainment 0000 0000 295f 0000 0000 0000 haberman steve macnicol peter dracula mort et heureux de etre dracula dead and loving it un film de mel brooks leslie nielsen peter macnicol steven weber et autres acteurs musique hummie mann histoire de rudy de luca steve haberman scenario de mel brooks rudy de luca steve haberman produit et realise par mel brooks neuilly sur seine gaumont video editeur boulogne billancourt paramount home entertainment france distributeur 2009 image animee video reference commerciale fg 315 880 edv 1504 neuilly sur seine gaumont video 2015 boulogne billancourt paramount home entertainment brooks mel pastiche inspire du film dracula de 1931 avec bela lugosi realise par tod browning copyright borgo pass productions 1996 gaumont video brooksfilms firme dracula dead and loving it dracula dead and loving it film anglais sous titrage optionnel en francais 2009 nielsen leslie neuilly sur seine gaumont video 2009$? boulogne billancourt paramount home entertainment dracula mort et heureux de l'etre dracula dead and loving it un film de mel brooks leslie nielsen peter macnicol steven weber et autres acteurs musique hummie mann histoire de rudy de luca steve haberman scenario de mel brooks rudy de luca steve haberman produit et realise par mel brooks eng https www wikidata org wiki q1254469 commentaires audio de mel brooks et de son equipe version originale sous titree$?bande annonce mel brooks gaumont",
    "type": "e",
    "label": "Dracula, dead and loving it, film, Anglais ; sous-titrage optionnel en fran\u00e7ais",
    "label_html": "Dracula, dead and loving it <img src='icons/film.png' alt='[film]' title='film'/> Anglais ; sous-titrage optionnel en fran\u00e7ais",
    "splitted_label": "Dracula, dead and\nloving it, film,\nAnglais ; sous-\ntitrage optionnel en\nfran\u00e7ais",
    "stats_zones": {
        "001": 1,
        "005": 1,
        "100": 1,
        "101": 1,
        "102": 1,
        "104": 1,
        "105": 1,
        "127": 1,
        "145": 1,
        "147": 1,
        "152": 1,
        "154": 1,
        "232": 1,
        "371": 1,
        "640": 1,
        "801": 1,
        "810": 1
    },
    "resp": {},
    "respIds": [],
    "toOeuvres": {
        "UMLRM0120": "Dracula, dead and loving it, film"
    },
    "toExpressions": {},
    "toManifs": {
        "UMLRM0122": "Dracula, mort et heureux de l\u2019\u00eatre, un film de Mel Brooks, Gaumont vid\u00e9o - Paramount home entertainment, 2009, 1 DVD vid\u00e9o, monoface double couche, 16/9 compatible 3/4, PAL, Dolby surround 2.0, zone 2",
        "UMLRM0190": "Mel Brooks, Gaumont vid\u00e9o - Paramount home entertainment, [2015], 2 DVD vid\u00e9o, monoface double couche, 16/9 compatible 3/4, PAL, Dolby surround 2.0, toutes zones"
    },
    "manifsYears": [
        2009,
        2015
    ],
    "toItems": {
        "UMLRM1039": "BM_CELESTEVILLE > MEZZANINE > COTE_UMLRM1039",
        "UMLRM1053": "BM_CELESTEVILLE > ADULTES > COTE_UMLRM1053"
    },
    "other_expressions": {
        "UMLRM0121": "Dracula, dead and loving it, film, Fran\u00e7ais [Dracula, dead and loving it, film]",
        "UMLRM0159": "Dracula, film, 1931, Versions multiples (5 langues ; sous-titrage en 5 langues) [Dracula, film, 1931]",
        "UMLRM0005": "Stoker, Bram (1847-1912), Dracula, Anglais, Texte not\u00e9 [Stoker, Bram (1847-1912), Dracula]",
        "UMLRM0020": "Stoker, Bram (1847-1912), Dracula, Fran\u00e7ais, Molitor, Texte not\u00e9 [Stoker, Bram (1847-1912), Dracula]",
        "UMLRM0041": "Stoker, Bram (1847-1912), Dracula, Fran\u00e7ais, Sirgent, Texte not\u00e9 [Stoker, Bram (1847-1912), Dracula]",
        "UMLRM0050": "Stoker, Bram (1847-1912), Dracula, Fran\u00e7ais, Finn\u00e9, Texte not\u00e9 [Stoker, Bram (1847-1912), Dracula]",
        "UMLRM0053": "Stoker, Bram (1847-1912), Dracula, Fran\u00e7ais, Chicheportiche, Texte not\u00e9 [Stoker, Bram (1847-1912), Dracula]",
        "UMLRM0056": "Stoker, Bram (1847-1912), Dracula, Fran\u00e7ais, Paul-Margueritte, Texte not\u00e9 [Stoker, Bram (1847-1912), Dracula]",
        "UMLRM0059": "Stoker, Bram (1847-1912), Dracula, Fran\u00e7ais, Paul-Margueritte, Texte not\u00e9 [Stoker, Bram (1847-1912), Dracula]",
        "UMLRM0065": "Stoker, Bram (1847-1912), Dracula, Espagnol, Texte not\u00e9 [Stoker, Bram (1847-1912), Dracula]",
        "UMLRM0068": "Stoker, Bram (1847-1912), Dracula, Fran\u00e7ais, Molitor - Moissard, Texte not\u00e9 [Stoker, Bram (1847-1912), Dracula]",
        "UMLRM0187": "Stoker, Bram (1847-1912), Dracula, Fran\u00e7ais, Parole \u00e9nonc\u00e9e [Stoker, Bram (1847-1912), Dracula]"
    },
    "repr": "id : UMLRM0189\ntype initial : oe ; type : e\nlabel : Dracula, dead and loving it, film, Anglais ; sous-titrage optionnel en fran\u00e7ais\n\nNotice : \n000    01303cx  f2200229   4500\n001    UMLRM0189\n005    20221004####.D\n100    $a 20221004afrey50      ba0\n101 2  $a eng $j fre\n102    $a FR\n104    $a d2009\n105    $a ba\n127    $a 012700\n145    $a b $b xa2ae\n147 1  $a g $e c $h c\n152    $a  RDA-FR\n154    $a xb\n232    $3 UMLRM0120 $7 ba0yba0y $8 freeng $a Dracula, dead and loving it $c film $m Anglais ; sous-titrage optionnel en fran\u00e7ais $o 2009\n371    $a Encodage du son : Dolby surround 2.0 $f Version remast\u00e9ris\u00e9e : nouveau master num\u00e9rique haute d\u00e9finition $f Sous-titrage optionnel en fran\u00e7ais $f Copyright : Gaumont vid\u00e9o, 2009\n640 0  $0 Date de copyright $f #2009#####\n801  0 $a FR $b FR-751052119 $c 20221004\n810    $a  Dracula, mort et heureux de l'\u00eatre = Dracula dead and loving it / un film de Mel Brooks ; Leslie Nielsen, Peter MacNicol, Steven Weber... [et autres], [acteurs] ; musique, Hummie Mann ; histoire de Rudy De Luca & Steve Haberman ; sc\u00e9nario de Mel Brooks & Rudy De Luca & Steve Haberman ; produit et r\u00e9alis\u00e9 par Mel Brooks. \u2013 Neuilly-sur-Seine : Gaumont vid\u00e9o [\u00e9diteur] ; Boulogne-Billancourt : Paramount home entertainment France [distributeur], 2009. \u2013 [Image anim\u00e9e : vid\u00e9o]. \u2013 R\u00e9f\u00e9rence commerciale : FG 315 880 (EDV 1504) \n\nXML : <Element {http://www.loc.gov/MARC21/slim}record at 0x257c06e6180>\nIndexation : dracula dead and loving it dracula mort et heureux de etre dracula dead and loving it un film de mel brooks leslie nielsen peter macnicol steven weber et autres acteurs musique hummie mann histoire de rudy de luca steve haberman scenario de mel brooks rudy de luca steve haberman produit et realise par mel brooks neuilly sur seine gaumont video editeur boulogne billancourt paramount home entertainment france distributeur 2009 image animee video reference commerciale fg 315 880 edv 1504 encodage du son dolby surround",
    "lang": [
        "eng"
    ],
    "expressionContentType": "film",
    "exprContentType": "film",
    "exprResp": [],
    "detailed": "Description : Encodage du son : Dolby surround 2.0, Version remast\u00e9ris\u00e9e : nouveau master num\u00e9rique haute d\u00e9finition. Sous-titrage optionnel en fran\u00e7ais. Copyright : Gaumont vid\u00e9o, 2009\n\n\nDate de copyright : 2009",
    "detailed_sup": "Description : Pastiche inspir\u00e9 du film Dracula de 1931 avec Bela Lugosi, r\u00e9alis\u00e9 par Tod Browning, Copyright : Borgo Pass productions, 1996.\nLe comte Dracula a achet\u00e9 une abbaye en Angleterre. L'avou\u00e9 londonien Thomas Renfield se rend dans son lointain et sinistre ch\u00e2teau transylvanien pour lui faire signer les actes notari\u00e9s. Dracula hypnotise, non sans difficult\u00e9, son h\u00f4te, et, suivi de son nouvel esclave, arrive en Angleterre. L'\u00e9quipage du vaisseau a trouv\u00e9 la mort durant la travers\u00e9e. Renfield, seul survivant, est enferm\u00e9 dans l'asile du docteur Seward, \u00e0 deux pas de l'abbaye o\u00f9 s'est install\u00e9 le vampire. A l'op\u00e9ra, Dracula fait la connaissance de la fille du docteur Seward, Mina, de son fianc\u00e9 Jonathan Harker et de Lucy, une amie du couple. Le soir m\u00eame, il vide Lucy de son sang...\n\n\nDate de copyright : 1996\nDate de sortie en salle : 22/12/1995\nDate de sortie en salle : 10/04/1996\nDate de tournage : 08/05/1995\n",
    "rebonds": "",
    "rebondids": [],
    "other_works_expressions": null
}