{
    "xml": "<marc:record xmlns:marc=\"http://www.loc.gov/MARC21/slim\">\n    <marc:leader>01321nx  f2200241   4500</marc:leader>\n    <marc:controlfield tag=\"001\">UMLRM0162</marc:controlfield>\n    <marc:datafield tag=\"100\" ind1=\" \" ind2=\" \">\n      <marc:subfield code=\"a\">20221013afrey50      ba0</marc:subfield>\n    </marc:datafield>\n    <marc:datafield tag=\"101\" ind1=\"0\" ind2=\" \">\n      <marc:subfield code=\"a\">spa</marc:subfield>\n    </marc:datafield>\n    <marc:datafield tag=\"102\" ind1=\" \" ind2=\" \">\n      <marc:subfield code=\"a\">US</marc:subfield>\n    </marc:datafield>\n    <marc:datafield tag=\"104\" ind1=\" \" ind2=\" \">\n      <marc:subfield code=\"a\">d2013</marc:subfield>\n    </marc:datafield>\n    <marc:datafield tag=\"127\" ind1=\" \" ind2=\" \">\n      <marc:subfield code=\"a\">014400</marc:subfield>\n    </marc:datafield>\n    <marc:datafield tag=\"145\" ind1=\" \" ind2=\" \">\n      <marc:subfield code=\"a\">b</marc:subfield>\n      <marc:subfield code=\"b\">xa2ae</marc:subfield>\n    </marc:datafield>\n    <marc:datafield tag=\"147\" ind1=\" \" ind2=\" \">\n      <marc:subfield code=\"a\">a</marc:subfield>\n      <marc:subfield code=\"e\">b</marc:subfield>\n      <marc:subfield code=\"h\">c</marc:subfield>\n    </marc:datafield>\n    <marc:datafield tag=\"152\" ind1=\" \" ind2=\" \">\n      <marc:subfield code=\"a\">RDA-FR</marc:subfield>\n    </marc:datafield>\n    <marc:datafield tag=\"154\" ind1=\" \" ind2=\" \">\n      <marc:subfield code=\"a\">xb</marc:subfield>\n    </marc:datafield>\n    <marc:datafield tag=\"232\" ind1=\" \" ind2=\" \">\n      <marc:subfield code=\"3\">UMLRM0163</marc:subfield>\n      <marc:subfield code=\"7\">ba0yba0y</marc:subfield>\n      <marc:subfield code=\"8\">frespa</marc:subfield>\n      <marc:subfield code=\"a\">Dr&#225;cula</marc:subfield>\n      <marc:subfield code=\"c\">film</marc:subfield>\n      <marc:subfield code=\"d\">1931</marc:subfield>\n      <marc:subfield code=\"f\">espagnol</marc:subfield>\n      <marc:subfield code=\"l\">Version restaur&#233;e</marc:subfield>\n    </marc:datafield>\n    <marc:datafield tag=\"371\" ind1=\" \" ind2=\" \">\n      <marc:subfield code=\"a\">Surround (Dolby Digital 2.0)</marc:subfield>\n      <marc:subfield code=\"f\">Version restaur&#233;e</marc:subfield>\n    </marc:datafield>\n    <marc:datafield tag=\"640\" ind1=\"6\" ind2=\" \">\n      <marc:subfield code=\"f\">#20130917#</marc:subfield>\n    </marc:datafield>\n    <marc:datafield tag=\"801\" ind1=\" \" ind2=\" \">\n      <marc:subfield code=\"a\">FR</marc:subfield>\n      <marc:subfield code=\"b\">FR-751131015</marc:subfield>\n      <marc:subfield code=\"c\">20221013</marc:subfield>\n    </marc:datafield>\n    <marc:datafield tag=\"810\" ind1=\" \" ind2=\" \">\n      <marc:subfield code=\"a\">Dracula / Tod Browning, [r&#233;alisateur] ; sc&#233;nario de Garrett Fort ; d&#8217;apr&#232;s le roman de Bram Stoker et la pi&#232;ce de Hamilton Deane et John L. Balderston ; Bela Lugosi, David Manners, Helen Chandler... [et autres], [acteurs]. &#8211; [Paris] : Universal StudioCanal vid&#233;o [&#233;diteur, distributeur], 2014 ; - [Images anim&#233;es : vid&#233;o]. - 830 098-5 (EDV 764)</marc:subfield>\n    </marc:datafield>\n    <marc:datafield tag=\"810\" ind1=\" \" ind2=\" \">\n      <marc:subfield code=\"a\">Wikip&#233;dia : https://fr.wikipedia.org/wiki/Dr%C3%A1cula (2022-10-13)</marc:subfield>\n    </marc:datafield>\n    <marc:datafield tag=\"810\" ind1=\" \" ind2=\" \">\n      <marc:subfield code=\"a\">IMDB (Internet movie database) : https://www.imdb.com/title/tt0021815/ (2022-10-13)</marc:subfield>\n    </marc:datafield>\n    <marc:datafield tag=\"810\" ind1=\" \" ind2=\" \">\n      <marc:subfield code=\"a\">Servin, Javier. A Tale of Two Draculas: the history, preservation, restoration and legacy of Universal Studios&#8217; English and Spanish language &#8220;Dracula&#8221; : https://jservin85.wordpress.com/preservation-and-restoration/restoration-of-dracula/</marc:subfield>\n    </marc:datafield>\n  </marc:record>\n  ",
    "init_type": "oe",
    "id": "UMLRM0162",
    "txt": "\n000    01321nx  f2200241   4500\n001    UMLRM0162\n100    $a 20221013afrey50      ba0\n101 0  $a spa\n102    $a US\n104    $a d2013\n127    $a 014400\n145    $a b $b xa2ae\n147    $a a $e b $h c\n152    $a RDA-FR\n154    $a xb\n232    $3 UMLRM0163 $7 ba0yba0y $8 frespa $a Dr\u00e1cula $c film $d 1931 $f espagnol $l Version restaur\u00e9e\n371    $a Surround (Dolby Digital 2.0) $f Version restaur\u00e9e\n640 6  $f #20130917#\n801    $a FR $b FR-751131015 $c 20221013\n810    $a Dracula / Tod Browning, [r\u00e9alisateur] ; sc\u00e9nario de Garrett Fort ; d\u2019apr\u00e8s le roman de Bram Stoker et la pi\u00e8ce de Hamilton Deane et John L. Balderston ; Bela Lugosi, David Manners, Helen Chandler... [et autres], [acteurs]. \u2013 [Paris] : Universal StudioCanal vid\u00e9o [\u00e9diteur, distributeur], 2014 ; - [Images anim\u00e9es : vid\u00e9o]. - 830 098-5 (EDV 764)\n810    $a Wikip\u00e9dia : https://fr.wikipedia.org/wiki/Dr%C3%A1cula (2022-10-13)\n810    $a IMDB (Internet movie database) : https://www.imdb.com/title/tt0021815/ (2022-10-13)\n810    $a Servin, Javier. A Tale of Two Draculas: the history, preservation, restoration and legacy of Universal Studios\u2019 English and Spanish language \u201cDracula\u201d : https://jservin85.wordpress.com/preservation-and-restoration/restoration-of-dracula/",
    "self_index": [
        "dracula",
        "surround dolby digital",
        "dracula tod browning realisateur scenario de garrett fort d'apres le roman de bram stoker et la piece de hamilton deane et john balderston bela lugosi david manners helen chandler et autres acteurs paris universal studiocanal video editeur distributeur 2014 images animees video 830 098 edv 764 $?wikipedia https fr wikipedia org wiki dr c3 a1cula 2022 10 13 $?imdb internet movie database https www imdb com title tt0021815 2022 10 13 $?servin javier tale of two draculas the history preservation restoration and legacy of universal studios' english and spanish language \"dracula\" https jservin85 wordpress com preservation and restoration restoration of dracula",
        "dracula",
        "surround dolby digital",
        "dracula tod browning realisateur scenario de garrett fort d'apres le roman de bram stoker et la piece de hamilton deane et john balderston bela lugosi david manners helen chandler et autres acteurs paris universal studiocanal video editeur distributeur 2014 images animees video 830 098 edv 764 $?wikipedia https fr wikipedia org wiki dr c3 a1cula 2022 10 13 $?imdb internet movie database https www imdb com title tt0021815 2022 10 13 $?servin javier tale of two draculas the history preservation restoration and legacy of universal studios' english and spanish language \"dracula\" https jservin85 wordpress com preservation and restoration restoration of dracula"
    ],
    "linked_entities_index": [
        "dracula film 1931 espagnol version restauree",
        "dracula tod browning realisateur scenario de garrett fort d'apres le roman de bram stoker et la piece de hamilton deane et john balderston bela lugosi david manners helen chandler et autres acteurs",
        "paris universal studiocanal video 2014$? paris universal studiocanal video 2014",
        "contient aussi dracula version espagnole introduction la version espagnole par lupita tovar kohner dracula la genese lugosi le prince des tenebres dracula nouvelle bande sonore ecrite par philip glass et interpretee par le kronos quartet sur les traces des monstres anecdotes interactives archives dracula dracula la restauration",
        "dracula tod browning realisateur scenario de garrett fort d'apres le roman de bram stoker et la piece de hamilton deane et john balderston bela lugosi david manners helen chandler et autres acteurs",
        "paris universal studiocanal video 2014$? paris universal studiocanal video 2014",
        "contient aussi dracula version espagnole introduction la version espagnole par lupita tovar kohner dracula la genese lugosi le prince des tenebres dracula nouvelle bande sonore ecrite par philip glass et interpretee par le kronos quartet sur les traces des monstres anecdotes interactives archives dracula dracula la restauration",
        "dracula",
        "adapte de la piece de theatre de hamilton deane et john balderston dracula"
    ],
    "resp_index": [],
    "linked_resp_index": [
        "melford george",
        "fernandez cue baltasar",
        "villarias carlos",
        "tovar lupita",
        "norton barry"
    ],
    "global_index": "surround dolby digital villarias carlos melford george contient aussi dracula version espagnole introduction la version espagnole par lupita tovar kohner dracula la genese lugosi le prince des tenebres dracula nouvelle bande sonore ecrite par philip glass et interpretee par le kronos quartet sur les traces des monstres anecdotes interactives archives dracula dracula la restauration tovar lupita fernandez cue baltasar dracula tod browning realisateur scenario de garrett fort d'apres le roman de bram stoker et la piece de hamilton deane et john balderston bela lugosi david manners helen chandler et autres acteurs paris universal studiocanal video editeur distributeur 2014 images animees video 830 098 edv 764 $?wikipedia https fr wikipedia org wiki dr c3 a1cula 2022 10 13 $?imdb internet movie database https www imdb com title tt0021815 2022 10 13 $?servin javier tale of two draculas the history preservation restoration and legacy of universal studios' english and spanish language \"dracula\" https jservin85 wordpress com preservation and restoration restoration of dracula norton barry dracula tod browning realisateur scenario de garrett fort d'apres le roman de bram stoker et la piece de hamilton deane et john balderston bela lugosi david manners helen chandler et autres acteurs paris universal studiocanal video 2014$? paris universal studiocanal video 2014 adapte de la piece de theatre de hamilton deane et john balderston dracula dracula dracula film 1931 espagnol version restauree",
    "type": "e",
    "label": "Dr\u00e1cula, film, 1931",
    "label_html": "Dr\u00e1cula <img src='icons/film.png' alt='[film]' title='film'/> 1931",
    "splitted_label": "Dr\u00e1cula, film, 1931",
    "stats_zones": {
        "001": 1,
        "100": 1,
        "101": 1,
        "102": 1,
        "104": 1,
        "127": 1,
        "145": 1,
        "147": 1,
        "152": 1,
        "154": 1,
        "232": 1,
        "371": 1,
        "640": 1,
        "801": 1,
        "810": 4
    },
    "resp": {},
    "respIds": [],
    "toOeuvres": {
        "UMLRM0163": "Dr\u00e1cula, film, 1931"
    },
    "toExpressions": {},
    "toManifs": {
        "UMLRM0160": "Dracula, Tod Browning, [r\u00e9alisateur], Universal StudioCanal vid\u00e9o - Universal StudioCanal vid\u00e9o, 2014 - 2014, 1 BD vid\u00e9o"
    },
    "manifsYears": [
        2014
    ],
    "toItems": {
        "UMLRM1047": "BM_CELESTEVILLE > MEZZANINE > COTE_UMLRM1047"
    },
    "other_expressions": {
        "UMLRM0159": "Dracula, film, 1931, Versions multiples (5 langues ; sous-titrage en 5 langues) [Dracula, film, 1931]",
        "UMLRM0005": "Stoker, Bram (1847-1912), Dracula, Anglais, Texte not\u00e9 [Stoker, Bram (1847-1912), Dracula]",
        "UMLRM0020": "Stoker, Bram (1847-1912), Dracula, Fran\u00e7ais, Molitor, Texte not\u00e9 [Stoker, Bram (1847-1912), Dracula]",
        "UMLRM0041": "Stoker, Bram (1847-1912), Dracula, Fran\u00e7ais, Sirgent, Texte not\u00e9 [Stoker, Bram (1847-1912), Dracula]",
        "UMLRM0050": "Stoker, Bram (1847-1912), Dracula, Fran\u00e7ais, Finn\u00e9, Texte not\u00e9 [Stoker, Bram (1847-1912), Dracula]",
        "UMLRM0053": "Stoker, Bram (1847-1912), Dracula, Fran\u00e7ais, Chicheportiche, Texte not\u00e9 [Stoker, Bram (1847-1912), Dracula]",
        "UMLRM0056": "Stoker, Bram (1847-1912), Dracula, Fran\u00e7ais, Paul-Margueritte, Texte not\u00e9 [Stoker, Bram (1847-1912), Dracula]",
        "UMLRM0059": "Stoker, Bram (1847-1912), Dracula, Fran\u00e7ais, Paul-Margueritte, Texte not\u00e9 [Stoker, Bram (1847-1912), Dracula]",
        "UMLRM0065": "Stoker, Bram (1847-1912), Dracula, Espagnol, Texte not\u00e9 [Stoker, Bram (1847-1912), Dracula]",
        "UMLRM0068": "Stoker, Bram (1847-1912), Dracula, Fran\u00e7ais, Molitor - Moissard, Texte not\u00e9 [Stoker, Bram (1847-1912), Dracula]",
        "UMLRM0187": "Stoker, Bram (1847-1912), Dracula, Fran\u00e7ais, Parole \u00e9nonc\u00e9e [Stoker, Bram (1847-1912), Dracula]"
    },
    "repr": "id : UMLRM0162\ntype initial : oe ; type : e\nlabel : Dr\u00e1cula, film, 1931\n\nNotice : \n000    01321nx  f2200241   4500\n001    UMLRM0162\n100    $a 20221013afrey50      ba0\n101 0  $a spa\n102    $a US\n104    $a d2013\n127    $a 014400\n145    $a b $b xa2ae\n147    $a a $e b $h c\n152    $a RDA-FR\n154    $a xb\n232    $3 UMLRM0163 $7 ba0yba0y $8 frespa $a Dr\u00e1cula $c film $d 1931 $f espagnol $l Version restaur\u00e9e\n371    $a Surround (Dolby Digital 2.0) $f Version restaur\u00e9e\n640 6  $f #20130917#\n801    $a FR $b FR-751131015 $c 20221013\n810    $a Dracula / Tod Browning, [r\u00e9alisateur] ; sc\u00e9nario de Garrett Fort ; d\u2019apr\u00e8s le roman de Bram Stoker et la pi\u00e8ce de Hamilton Deane et John L. Balderston ; Bela Lugosi, David Manners, Helen Chandler... [et autres], [acteurs]. \u2013 [Paris] : Universal StudioCanal vid\u00e9o [\u00e9diteur, distributeur], 2014 ; - [Images anim\u00e9es : vid\u00e9o]. - 830 098-5 (EDV 764)\n810    $a Wikip\u00e9dia : https://fr.wikipedia.org/wiki/Dr%C3%A1cula (2022-10-13)\n810    $a IMDB (Internet movie database) : https://www.imdb.com/title/tt0021815/ (2022-10-13)\n810    $a Servin, Javier. A Tale of Two Draculas: the history, preservation, restoration and legacy of Universal Studios\u2019 English and Spanish language \u201cDracula\u201d : https://jservin85.wordpress.com/preservation-and-restoration/restoration-of-dracula/ \n\nXML : <Element {http://www.loc.gov/MARC21/slim}record at 0x257c06e5d40>\nIndexation : surround dolby digital dracula tod browning realisateur scenario de garrett fort d'apres le roman de bram stoker et la piece de hamilton deane et john balderston bela lugosi david manners helen chandler et autres acteurs paris universal studiocanal video editeur distributeur 2014 images animees video 830 098 edv 764 $?wikipedia https fr wikipedia org wiki dr c3 a1cula 2022 10 13 $?imdb internet movie database https www imdb com title tt0021815 2022 10 13 $?servin javier tale of two draculas the history preservation restoration and legacy of universal studios' english and spanish language \"dracula\" https jservin85 wordpress com preservation and restoration restoration of dracula dracula",
    "lang": [
        "spa"
    ],
    "expressionContentType": "film",
    "exprContentType": "film",
    "exprResp": [],
    "detailed": "Description : Surround (Dolby Digital 2.0), Version restaur\u00e9e\n\n\n : 17/09/2013",
    "detailed_sup": "Description : Adapt\u00e9 de la pi\u00e8ce de th\u00e9\u00e2tre de Hamilton Deane et John L. Balderston \"Dracula\"\n\n\nDates de tournage : 10/10/1930\nDate de premi\u00e8re sortie en salle : 20/03/1931 (Madrid)\nDate de premi\u00e8re sortie en salle (New)\n",
    "rebonds": "",
    "rebondids": [],
    "other_works_expressions": null
}