{
    "xml": "<marc:record xmlns:marc=\"http://www.loc.gov/MARC21/slim\">\n    <marc:leader>01074nx  f2200265   4500</marc:leader>\n    <marc:controlfield tag=\"001\">UMLRM0166</marc:controlfield>\n    <marc:datafield tag=\"100\" ind1=\" \" ind2=\" \">\n      <marc:subfield code=\"a\">20221021afrey50      ba0</marc:subfield>\n    </marc:datafield>\n    <marc:datafield tag=\"101\" ind1=\"2\" ind2=\" \">\n      <marc:subfield code=\"a\">eng</marc:subfield>\n      <marc:subfield code=\"j\">fre</marc:subfield>\n    </marc:datafield>\n    <marc:datafield tag=\"102\" ind1=\" \" ind2=\" \">\n      <marc:subfield code=\"a\">FR</marc:subfield>\n    </marc:datafield>\n    <marc:datafield tag=\"104\" ind1=\" \" ind2=\" \">\n      <marc:subfield code=\"a\">d2012</marc:subfield>\n    </marc:datafield>\n    <marc:datafield tag=\"125\" ind1=\"0\" ind2=\"0\">\n      <marc:subfield code=\"a\">m</marc:subfield>\n    </marc:datafield>\n    <marc:datafield tag=\"140\" ind1=\" \" ind2=\" \">\n      <marc:subfield code=\"a\">ic</marc:subfield>\n      <marc:subfield code=\"b\">fi</marc:subfield>\n      <marc:subfield code=\"2\">BnF-ImAnim</marc:subfield>\n    </marc:datafield>\n    <marc:datafield tag=\"145\" ind1=\"0\" ind2=\" \">\n      <marc:subfield code=\"a\">b</marc:subfield>\n      <marc:subfield code=\"b\">xa2ae</marc:subfield>\n    </marc:datafield>\n    <marc:datafield tag=\"147\" ind1=\"0\" ind2=\" \">\n      <marc:subfield code=\"a\">h</marc:subfield>\n      <marc:subfield code=\"e\">b</marc:subfield>\n    </marc:datafield>\n    <marc:datafield tag=\"152\" ind1=\" \" ind2=\" \">\n      <marc:subfield code=\"a\">RDA-FR</marc:subfield>\n    </marc:datafield>\n    <marc:datafield tag=\"154\" ind1=\" \" ind2=\" \">\n      <marc:subfield code=\"a\">xa</marc:subfield>\n    </marc:datafield>\n    <marc:datafield tag=\"231\" ind1=\" \" ind2=\" \">\n      <marc:subfield code=\"a\">Guy Maddin</marc:subfield>\n      <marc:subfield code=\"k\">ED Distribution</marc:subfield>\n      <marc:subfield code=\"7\">ba0yba0y</marc:subfield>\n      <marc:subfield code=\"8\">fre###</marc:subfield>\n    </marc:datafield>\n    <marc:datafield tag=\"333\" ind1=\" \" ind2=\" \">\n      <marc:subfield code=\"a\">Adultes, tout public</marc:subfield>\n    </marc:datafield>\n    <marc:datafield tag=\"370\" ind1=\" \" ind2=\" \">\n      <marc:subfield code=\"a\"> Coffret r&#233;unissant 4 films appartenant au d&#233;but (1988-2002) de la carri&#232;re du r&#233;alisateur canadien Guy Madden, et dont 3 ont fait l&#8217;objet de publications s&#233;par&#233;es chez le m&#234;me &#233;diteur.</marc:subfield>\n    </marc:datafield>\n    <marc:datafield tag=\"501\" ind1=\" \" ind2=\"1\">\n      <marc:subfield code=\"3\">14117683</marc:subfield>\n      <marc:subfield code=\"7\">ba0yba0y</marc:subfield>\n      <marc:subfield code=\"8\">fre###</marc:subfield>\n      <marc:subfield code=\"o\">ISNI 0000 0001 1664 8619</marc:subfield>\n      <marc:subfield code=\"a\">Maddin</marc:subfield>\n      <marc:subfield code=\"b\">Guy</marc:subfield>\n      <marc:subfield code=\"f\">1956--....</marc:subfield>\n      <marc:subfield code=\"4\">300</marc:subfield>\n    </marc:datafield>\n    <marc:datafield tag=\"511\" ind1=\"2\" ind2=\"0\">\n      <marc:subfield code=\"3\">14010888</marc:subfield>\n      <marc:subfield code=\"7\">ba0yba0y</marc:subfield>\n      <marc:subfield code=\"8\">frefre</marc:subfield>\n      <marc:subfield code=\"a\">ED Distribution</marc:subfield>\n      <marc:subfield code=\"4\">340</marc:subfield>\n    </marc:datafield>\n    <marc:datafield tag=\"608\" ind1=\" \" ind2=\" \">\n      <marc:subfield code=\"3\">16242273</marc:subfield>\n      <marc:subfield code=\"a\">Films de fiction</marc:subfield>\n      <marc:subfield code=\"2\">rameauGenre</marc:subfield>\n    </marc:datafield>\n    <marc:datafield tag=\"640\" ind1=\"6\" ind2=\" \">\n      <marc:subfield code=\"0\">Date de premi&#232;re publication</marc:subfield>\n      <marc:subfield code=\"f\">#2012#####</marc:subfield>\n    </marc:datafield>\n    <marc:datafield tag=\"801\" ind1=\" \" ind2=\"0\">\n      <marc:subfield code=\"a\">FR</marc:subfield>\n      <marc:subfield code=\"b\">FR-751131015</marc:subfield>\n      <marc:subfield code=\"c\">20221021</marc:subfield>\n    </marc:datafield>\n    <marc:datafield tag=\"810\" ind1=\" \" ind2=\" \">\n      <marc:subfield code=\"a\">Guy Maddin. &#8211; [Paris] : ED distribution [&#233;diteur, distributeur], [DL 2012]. &#8211; [Image anim&#233;e : vid&#233;o]</marc:subfield>\n    </marc:datafield>\n  </marc:record>\n  ",
    "init_type": "oe",
    "id": "UMLRM0166",
    "txt": "\n000    01074nx  f2200265   4500\n001    UMLRM0166\n100    $a 20221021afrey50      ba0\n101 2  $a eng $j fre\n102    $a FR\n104    $a d2012\n125 00 $a m\n140    $a ic $b fi $2 BnF-ImAnim\n145 0  $a b $b xa2ae\n147 0  $a h $e b\n152    $a RDA-FR\n154    $a xa\n231    $a Guy Maddin $k ED Distribution $7 ba0yba0y $8 fre###\n333    $a Adultes, tout public\n370    $a  Coffret r\u00e9unissant 4 films appartenant au d\u00e9but (1988-2002) de la carri\u00e8re du r\u00e9alisateur canadien Guy Madden, et dont 3 ont fait l\u2019objet de publications s\u00e9par\u00e9es chez le m\u00eame \u00e9diteur.\n501  1 $3 14117683 $7 ba0yba0y $8 fre### $o ISNI 0000 0001 1664 8619 $a Maddin $b Guy $f 1956--.... $4 300\n511 20 $3 14010888 $7 ba0yba0y $8 frefre $a ED Distribution $4 340\n608    $3 16242273 $a Films de fiction $2 rameauGenre\n640 6  $0 Date de premi\u00e8re publication $f #2012#####\n801  0 $a FR $b FR-751131015 $c 20221021\n810    $a Guy Maddin. \u2013 [Paris] : ED distribution [\u00e9diteur, distributeur], [DL 2012]. \u2013 [Image anim\u00e9e : vid\u00e9o]",
    "self_index": [
        "guy maddin",
        "coffret reunissant films appartenant au debut 1988 2002 de la carriere du realisateur canadien guy madden et dont ont fait l'objet de publications separees chez le meme editeur",
        "guy maddin",
        "coffret reunissant films appartenant au debut 1988 2002 de la carriere du realisateur canadien guy madden et dont ont fait l'objet de publications separees chez le meme editeur"
    ],
    "linked_entities_index": [
        "guy maddin",
        "paris ed distribution dl 2012 paris ed distribution",
        "guy maddin",
        "paris ed distribution dl 2012 paris ed distribution",
        "guy maddin",
        "guy maddin paris ed distribution editeur distributeur dl 2012 image animee video",
        "guy maddin",
        "guy maddin paris ed distribution editeur distributeur dl 2012 image animee video"
    ],
    "resp_index": [
        "maddin guy",
        "ed distribution",
        "maddin guy",
        "ed distribution"
    ],
    "linked_resp_index": [
        "ed distribution"
    ],
    "global_index": "guy maddin paris ed distribution editeur distributeur dl 2012 image animee video guy maddin coffret reunissant films appartenant au debut 1988 2002 de la carriere du realisateur canadien guy madden et dont ont fait l'objet de publications separees chez le meme editeur ed distribution maddin guy paris ed distribution dl 2012 paris ed distribution",
    "type": "o",
    "label": "Guy Maddin",
    "label_html": "Guy Maddin",
    "splitted_label": "Guy Maddin",
    "stats_zones": {
        "001": 1,
        "100": 1,
        "101": 1,
        "102": 1,
        "104": 1,
        "125": 1,
        "140": 1,
        "145": 1,
        "147": 1,
        "152": 1,
        "154": 1,
        "231": 1,
        "333": 1,
        "370": 1,
        "501": 1,
        "511": 1,
        "608": 1,
        "640": 1,
        "801": 1,
        "810": 1
    },
    "resp": {
        "Maddin, Guy": [
            "Metteur en sc\u00e8ne ou r\u00e9alisateur"
        ],
        "ED Distribution": [
            "\u00c9diteur scientifique"
        ]
    },
    "respIds": [
        "14117683",
        "14010888"
    ],
    "toOeuvres": {},
    "toExpressions": {
        "UMLRM0167": "Guy Maddin, Anglais ; sous-titrage en fran\u00e7ais, Image anim\u00e9e"
    },
    "toManifs": {
        "UMLRM0168": "Guy Maddin, ED distribution - ED distribution, [DL 2012], 4 DVD vid\u00e9o, monoface simple couche, PAL, toutes zones"
    },
    "manifsYears": [
        2005
    ],
    "toItems": {
        "UMLRM1048": "BM_CELESTEVILLE > MEZZANINE > COTE_UMLRM1048"
    },
    "other_expressions": {},
    "repr": "id : UMLRM0166\ntype initial : oe ; type : o\nlabel : Guy Maddin\n\nNotice : \n000    01074nx  f2200265   4500\n001    UMLRM0166\n100    $a 20221021afrey50      ba0\n101 2  $a eng $j fre\n102    $a FR\n104    $a d2012\n125 00 $a m\n140    $a ic $b fi $2 BnF-ImAnim\n145 0  $a b $b xa2ae\n147 0  $a h $e b\n152    $a RDA-FR\n154    $a xa\n231    $a Guy Maddin $k ED Distribution $7 ba0yba0y $8 fre###\n333    $a Adultes, tout public\n370    $a  Coffret r\u00e9unissant 4 films appartenant au d\u00e9but (1988-2002) de la carri\u00e8re du r\u00e9alisateur canadien Guy Madden, et dont 3 ont fait l\u2019objet de publications s\u00e9par\u00e9es chez le m\u00eame \u00e9diteur.\n501  1 $3 14117683 $7 ba0yba0y $8 fre### $o ISNI 0000 0001 1664 8619 $a Maddin $b Guy $f 1956--.... $4 300\n511 20 $3 14010888 $7 ba0yba0y $8 frefre $a ED Distribution $4 340\n608    $3 16242273 $a Films de fiction $2 rameauGenre\n640 6  $0 Date de premi\u00e8re publication $f #2012#####\n801  0 $a FR $b FR-751131015 $c 20221021\n810    $a Guy Maddin. \u2013 [Paris] : ED distribution [\u00e9diteur, distributeur], [DL 2012]. \u2013 [Image anim\u00e9e : vid\u00e9o] \n\nXML : <Element {http://www.loc.gov/MARC21/slim}record at 0x257c06e5e40>\nIndexation : maddin guy guy maddin coffret reunissant films appartenant au debut 1988 2002 de la carriere du realisateur canadien guy madden et dont ont fait l'objet de publications separees chez le meme editeur ed distribution",
    "subjects": {},
    "genreforme": {
        "16242273": ""
    },
    "detailed": "Description :  Coffret r\u00e9unissant 4 films appartenant au d\u00e9but (1988-2002) de la carri\u00e8re du r\u00e9alisateur canadien Guy Madden, et dont 3 ont fait l\u2019objet de publications s\u00e9par\u00e9es chez le m\u00eame \u00e9diteur.\n\n\nDate de premi\u00e8re publication : 2012",
    "rebonds": "",
    "rebondids": [],
    "exprResp": [],
    "lang": [
        "eng"
    ],
    "exprContentType": [
        "Image anim\u00e9e"
    ]
}